-- phpMyAdmin SQL Dump
-- version 4.5.4.1
-- http://www.phpmyadmin.net
--
-- Client :  localhost
-- Généré le :  Ven 20 Octobre 2017 à 14:33
-- Version du serveur :  5.7.11
-- Version de PHP :  5.6.18

SET SQL_MODE = "NO_AUTO_VALUE_ON_ZERO";
SET time_zone = "+00:00";


/*!40101 SET @OLD_CHARACTER_SET_CLIENT=@@CHARACTER_SET_CLIENT */;
/*!40101 SET @OLD_CHARACTER_SET_RESULTS=@@CHARACTER_SET_RESULTS */;
/*!40101 SET @OLD_COLLATION_CONNECTION=@@COLLATION_CONNECTION */;
/*!40101 SET NAMES utf8mb4 */;

--
-- Base de données :  `ppe_mission2`
--
CREATE DATABASE IF NOT EXISTS `ppe_mission2` DEFAULT CHARACTER SET latin1 COLLATE latin1_swedish_ci;
USE `ppe_mission2`;

-- --------------------------------------------------------

--
-- Structure de la table `etat`
--

CREATE TABLE `etat` (
  `id` char(2) NOT NULL,
  `libelle` varchar(30) DEFAULT NULL
) ENGINE=InnoDB DEFAULT CHARSET=latin1;

--
-- Contenu de la table `etat`
--

INSERT INTO `etat` (`id`, `libelle`) VALUES
('CL', 'Saisie clôturée'),
('CR', 'Fiche créée, saisie en cours'),
('RB', 'Remboursée'),
('VA', 'Validée et mise en paiement');

-- --------------------------------------------------------

--
-- Structure de la table `fichefrais`
--

CREATE TABLE `fichefrais` (
  `idVisiteur` char(4) NOT NULL,
  `mois` char(6) NOT NULL,
  `nbJustificatifs` int(11) DEFAULT NULL,
  `montantValide` decimal(10,2) DEFAULT NULL,
  `dateModif` date DEFAULT NULL,
  `idEtat` char(2) DEFAULT 'CR'
) ENGINE=InnoDB DEFAULT CHARSET=latin1;

--
-- Contenu de la table `fichefrais`
--

INSERT INTO `fichefrais` (`idVisiteur`, `mois`, `nbJustificatifs`, `montantValide`, `dateModif`, `idEtat`) VALUES
('a131', '201401', 8, '2900.07', '2014-03-08', 'RB'),
('a131', '201402', 12, '3319.56', '2014-04-08', 'RB'),
('a131', '201403', 1, '2663.97', '2014-05-04', 'RB'),
('a131', '201404', 0, '2911.12', '2014-06-05', 'RB'),
('a131', '201405', 11, '2267.65', '2014-07-08', 'RB'),
('a131', '201406', 1, '2135.17', '2014-08-02', 'RB'),
('a131', '201407', 1, '2042.28', '2014-09-07', 'RB'),
('a131', '201408', 1, '1740.82', '2014-10-08', 'RB'),
('a131', '201409', 8, '1588.24', '2014-11-08', 'RB'),
('a131', '201410', 8, '2502.09', '2014-12-04', 'RB'),
('a131', '201411', 9, '3472.49', '2015-01-07', 'RB'),
('a131', '201412', 8, '2773.93', '2015-02-01', 'RB'),
('a131', '201501', 2, '2820.47', '2015-03-03', 'RB'),
('a131', '201502', 9, '2581.28', '2015-04-02', 'RB'),
('a131', '201503', 3, '1885.36', '2015-05-06', 'RB'),
('a131', '201504', 11, '3022.42', '2015-06-01', 'RB'),
('a131', '201505', 10, '2119.06', '2015-07-01', 'RB'),
('a131', '201506', 9, '1218.08', '2015-08-03', 'RB'),
('a131', '201507', 0, '1937.44', '2015-09-07', 'RB'),
('a131', '201508', 2, '4240.56', '2015-10-03', 'RB'),
('a131', '201509', 9, '1972.99', '2015-11-06', 'RB'),
('a131', '201510', 10, '2353.06', '2015-12-04', 'RB'),
('a131', '201511', 2, '2628.46', '2016-01-03', 'RB'),
('a131', '201512', 9, '2077.40', '2016-02-08', 'RB'),
('a131', '201601', 3, '1719.02', '2016-03-03', 'RB'),
('a131', '201602', 4, '1796.77', '2016-04-05', 'RB'),
('a131', '201603', 1, '2088.18', '2016-05-04', 'RB'),
('a131', '201604', 9, '2523.80', '2016-06-04', 'RB'),
('a131', '201605', 6, '3583.00', '2016-07-03', 'RB'),
('a131', '201606', 5, '2681.56', '2016-07-01', 'VA'),
('a131', '201607', 11, '0.00', '2016-08-19', 'CL'),
('a131', '201608', 0, '0.00', '2016-08-19', 'CR'),
('a17', '201401', 1, '720.37', '2014-03-03', 'RB'),
('a17', '201402', 12, '3700.13', '2014-04-07', 'RB'),
('a17', '201403', 5, '2637.99', '2014-05-03', 'RB'),
('a17', '201404', 9, '3267.76', '2014-06-04', 'RB'),
('a17', '201405', 3, '1858.84', '2014-07-07', 'RB'),
('a17', '201406', 6, '2374.65', '2014-08-08', 'RB'),
('a17', '201407', 7, '1710.80', '2014-09-01', 'RB'),
('a17', '201408', 0, '1706.03', '2014-10-03', 'RB'),
('a17', '201409', 11, '2951.26', '2014-11-04', 'RB'),
('a17', '201410', 8, '2936.95', '2014-12-07', 'RB'),
('a17', '201411', 2, '3256.21', '2015-01-04', 'RB'),
('a17', '201412', 2, '2774.14', '2015-02-04', 'RB'),
('a17', '201501', 0, '3398.03', '2015-03-04', 'RB'),
('a17', '201502', 10, '3336.85', '2015-04-05', 'RB'),
('a17', '201503', 6, '2135.27', '2015-05-06', 'RB'),
('a17', '201504', 4, '3171.56', '2015-06-01', 'RB'),
('a17', '201505', 1, '2686.41', '2015-07-08', 'RB'),
('a17', '201506', 1, '1248.27', '2015-08-04', 'RB'),
('a17', '201507', 10, '1841.29', '2015-09-03', 'RB'),
('a17', '201508', 11, '2452.60', '2015-10-04', 'RB'),
('a17', '201509', 3, '2574.60', '2015-11-03', 'RB'),
('a17', '201510', 11, '3196.09', '2015-12-06', 'RB'),
('a17', '201511', 5, '1314.04', '2016-01-03', 'RB'),
('a17', '201512', 11, '2173.81', '2016-02-08', 'RB'),
('a17', '201601', 10, '1833.59', '2016-03-07', 'RB'),
('a17', '201602', 3, '3283.56', '2016-04-05', 'RB'),
('a17', '201603', 6, '3833.77', '2016-05-01', 'RB'),
('a17', '201604', 9, '1511.85', '2016-06-06', 'RB'),
('a17', '201605', 12, '1664.39', '2016-07-05', 'RB'),
('a17', '201606', 8, '1620.98', '2016-07-04', 'VA'),
('a17', '201607', 3, '0.00', '2016-07-06', 'CR'),
('a55', '201401', 3, '2604.10', '2014-03-06', 'RB'),
('a55', '201402', 4, '2176.03', '2014-04-05', 'RB'),
('a55', '201403', 0, '2922.60', '2014-05-04', 'RB'),
('a55', '201404', 12, '1471.84', '2014-06-01', 'RB'),
('a55', '201405', 4, '1846.89', '2014-07-06', 'RB'),
('a55', '201406', 6, '4001.75', '2014-08-05', 'RB'),
('a55', '201407', 12, '3321.80', '2014-09-01', 'RB'),
('a55', '201408', 7, '2263.51', '2014-10-08', 'RB'),
('a55', '201409', 1, '1525.54', '2014-11-03', 'RB'),
('a55', '201410', 2, '2510.46', '2014-12-03', 'RB'),
('a55', '201411', 8, '1705.45', '2015-01-01', 'RB'),
('a55', '201412', 10, '2603.68', '2015-02-02', 'RB'),
('a55', '201501', 10, '2163.89', '2015-03-07', 'RB'),
('a55', '201502', 7, '3229.02', '2015-04-08', 'RB'),
('a55', '201503', 5, '3490.70', '2015-05-05', 'RB'),
('a55', '201504', 12, '2564.76', '2015-06-01', 'RB'),
('a55', '201505', 8, '1313.57', '2015-07-05', 'RB'),
('a55', '201506', 12, '2030.41', '2015-08-07', 'RB'),
('a55', '201507', 5, '1911.15', '2015-09-07', 'RB'),
('a55', '201508', 2, '1463.97', '2015-10-06', 'RB'),
('a55', '201509', 12, '1079.20', '2015-11-05', 'RB'),
('a55', '201510', 7, '3034.59', '2015-12-01', 'RB'),
('a55', '201511', 0, '1947.94', '2016-01-01', 'RB'),
('a55', '201512', 10, '858.93', '2016-02-05', 'RB'),
('a55', '201601', 12, '2555.72', '2016-03-03', 'RB'),
('a55', '201602', 9, '1088.96', '2016-04-02', 'RB'),
('a55', '201603', 6, '2403.94', '2016-05-05', 'RB'),
('a55', '201604', 12, '3023.80', '2016-06-05', 'RB'),
('a55', '201605', 11, '2119.91', '2016-07-08', 'RB'),
('a55', '201606', 7, '2291.13', '2016-07-02', 'VA'),
('a55', '201607', 12, '0.00', '2016-07-05', 'CR'),
('a93', '201401', 9, '3258.28', '2014-03-03', 'RB'),
('a93', '201402', 11, '2921.56', '2014-04-08', 'RB'),
('a93', '201403', 1, '1559.68', '2014-05-06', 'RB'),
('a93', '201404', 9, '2351.98', '2014-06-07', 'RB'),
('a93', '201405', 12, '2024.84', '2014-07-06', 'RB'),
('a93', '201406', 4, '2320.63', '2014-08-04', 'RB'),
('a93', '201407', 10, '2762.47', '2014-09-08', 'RB'),
('a93', '201408', 0, '2837.23', '2014-10-03', 'RB'),
('a93', '201409', 8, '1741.18', '2014-11-06', 'RB'),
('a93', '201410', 7, '2813.84', '2014-12-02', 'RB'),
('a93', '201411', 1, '1802.32', '2015-01-04', 'RB'),
('a93', '201412', 3, '3105.56', '2015-02-06', 'RB'),
('a93', '201501', 1, '1651.69', '2015-03-05', 'RB'),
('a93', '201502', 11, '2561.83', '2015-04-04', 'RB'),
('a93', '201503', 3, '2457.52', '2015-05-06', 'RB'),
('a93', '201504', 9, '1864.76', '2015-06-02', 'RB'),
('a93', '201505', 7, '2475.81', '2015-07-07', 'RB'),
('a93', '201506', 6, '2659.14', '2015-08-05', 'RB'),
('a93', '201507', 7, '1668.38', '2015-09-06', 'RB'),
('a93', '201508', 7, '3911.93', '2015-10-01', 'RB'),
('a93', '201509', 3, '2438.09', '2015-11-04', 'RB'),
('a93', '201510', 9, '2222.61', '2015-12-05', 'RB'),
('a93', '201511', 3, '1640.58', '2016-01-06', 'RB'),
('a93', '201512', 1, '2077.69', '2016-02-05', 'RB'),
('a93', '201601', 6, '3384.58', '2016-03-07', 'RB'),
('a93', '201602', 8, '2009.36', '2016-04-08', 'RB'),
('a93', '201603', 7, '2525.16', '2016-05-02', 'RB'),
('a93', '201604', 7, '3476.00', '2016-06-01', 'RB'),
('a93', '201605', 5, '1873.46', '2016-07-01', 'RB'),
('a93', '201606', 9, '1359.50', '2016-07-07', 'VA'),
('a93', '201607', 8, '0.00', '2016-07-02', 'CR'),
('b13', '201401', 3, '2182.75', '2014-03-08', 'RB'),
('b13', '201402', 10, '2337.59', '2014-04-07', 'RB'),
('b13', '201403', 7, '2712.38', '2014-05-04', 'RB'),
('b13', '201404', 11, '1661.11', '2014-06-02', 'RB'),
('b13', '201405', 3, '3084.65', '2014-07-03', 'RB'),
('b13', '201406', 7, '1626.77', '2014-08-04', 'RB'),
('b13', '201407', 6, '3246.52', '2014-09-07', 'RB'),
('b13', '201408', 9, '2963.03', '2014-10-05', 'RB'),
('b13', '201409', 0, '1514.85', '2014-11-07', 'RB'),
('b13', '201410', 11, '1458.78', '2014-12-03', 'RB'),
('b13', '201411', 3, '2469.34', '2015-01-08', 'RB'),
('b13', '201412', 2, '2817.20', '2015-02-07', 'RB'),
('b13', '201501', 12, '2076.92', '2015-03-08', 'RB'),
('b13', '201502', 2, '3016.40', '2015-04-07', 'RB'),
('b13', '201503', 3, '1499.90', '2015-05-03', 'RB'),
('b13', '201504', 9, '2991.57', '2015-06-03', 'RB'),
('b13', '201505', 1, '1949.94', '2015-07-07', 'RB'),
('b13', '201506', 6, '2720.48', '2015-08-01', 'RB'),
('b13', '201507', 9, '2655.22', '2015-09-08', 'RB'),
('b13', '201508', 6, '2979.96', '2015-10-02', 'RB'),
('b13', '201509', 11, '2860.62', '2015-11-06', 'RB'),
('b13', '201510', 3, '2818.98', '2015-12-04', 'RB'),
('b13', '201511', 10, '2632.24', '2016-01-03', 'RB'),
('b13', '201512', 9, '4114.60', '2016-02-08', 'RB'),
('b13', '201601', 5, '2869.96', '2016-03-07', 'RB'),
('b13', '201602', 7, '3101.44', '2016-04-02', 'RB'),
('b13', '201603', 11, '3227.40', '2016-05-05', 'RB'),
('b13', '201604', 9, '3620.55', '2016-06-05', 'RB'),
('b13', '201605', 12, '1007.55', '2016-07-05', 'RB'),
('b13', '201606', 10, '3426.85', '2016-07-05', 'VA'),
('b13', '201607', 0, '0.00', '2016-07-01', 'CR'),
('b16', '201401', 12, '2379.10', '2014-03-04', 'RB'),
('b16', '201402', 12, '2501.63', '2014-04-06', 'RB'),
('b16', '201403', 4, '2844.78', '2014-05-03', 'RB'),
('b16', '201404', 8, '2250.89', '2014-06-05', 'RB'),
('b16', '201405', 10, '963.07', '2014-07-03', 'RB'),
('b16', '201406', 5, '2532.40', '2014-08-07', 'RB'),
('b16', '201407', 2, '2627.12', '2014-09-08', 'RB'),
('b16', '201408', 0, '2215.16', '2014-10-08', 'RB'),
('b16', '201409', 2, '2987.50', '2014-11-05', 'RB'),
('b16', '201410', 10, '3260.38', '2014-12-06', 'RB'),
('b16', '201411', 10, '3555.16', '2015-01-04', 'RB'),
('b16', '201412', 6, '2058.32', '2015-02-08', 'RB'),
('b16', '201501', 6, '2862.72', '2015-03-03', 'RB'),
('b16', '201502', 4, '3108.93', '2015-04-07', 'RB'),
('b16', '201503', 4, '2010.08', '2015-05-03', 'RB'),
('b16', '201504', 2, '1828.96', '2015-06-05', 'RB'),
('b16', '201505', 12, '2595.12', '2015-07-08', 'RB'),
('b16', '201506', 4, '2757.39', '2015-08-04', 'RB'),
('b16', '201507', 2, '2271.37', '2015-09-05', 'RB'),
('b16', '201508', 6, '4341.52', '2015-10-03', 'RB'),
('b16', '201509', 9, '2748.98', '2015-11-06', 'RB'),
('b16', '201510', 0, '3922.62', '2015-12-05', 'RB'),
('b16', '201511', 6, '2350.15', '2016-01-05', 'RB'),
('b16', '201512', 8, '1374.95', '2016-02-02', 'RB'),
('b16', '201601', 1, '2772.00', '2016-03-06', 'RB'),
('b16', '201602', 7, '3089.61', '2016-04-06', 'RB'),
('b16', '201603', 7, '2794.80', '2016-05-04', 'RB'),
('b16', '201604', 10, '3810.86', '2016-06-06', 'RB'),
('b16', '201605', 5, '1745.36', '2016-07-03', 'RB'),
('b16', '201606', 5, '2161.08', '2016-07-08', 'VA'),
('b16', '201607', 8, '0.00', '2016-07-05', 'CR'),
('b19', '201401', 10, '2236.54', '2014-03-03', 'RB'),
('b19', '201402', 4, '3222.86', '2014-04-07', 'RB'),
('b19', '201403', 7, '3401.25', '2014-05-04', 'RB'),
('b19', '201404', 6, '2225.68', '2014-06-07', 'RB'),
('b19', '201405', 11, '3684.00', '2014-07-03', 'RB'),
('b19', '201406', 2, '2494.89', '2014-08-07', 'RB'),
('b19', '201407', 6, '2011.59', '2014-09-06', 'RB'),
('b19', '201408', 0, '2099.98', '2014-10-03', 'RB'),
('b19', '201409', 10, '2993.72', '2014-11-01', 'RB'),
('b19', '201410', 11, '3673.02', '2014-12-06', 'RB'),
('b19', '201411', 6, '2413.52', '2015-01-03', 'RB'),
('b19', '201412', 4, '3219.27', '2015-02-04', 'RB'),
('b19', '201501', 11, '2278.71', '2015-03-08', 'RB'),
('b19', '201502', 6, '4435.72', '2015-04-07', 'RB'),
('b19', '201503', 10, '1214.90', '2015-05-07', 'RB'),
('b19', '201504', 11, '1165.70', '2015-06-04', 'RB'),
('b19', '201505', 6, '2529.58', '2015-07-03', 'RB'),
('b19', '201506', 5, '3470.90', '2015-08-04', 'RB'),
('b19', '201507', 8, '2935.61', '2015-09-03', 'RB'),
('b19', '201508', 9, '2206.60', '2015-10-04', 'RB'),
('b19', '201509', 9, '1885.79', '2015-11-03', 'RB'),
('b19', '201510', 10, '2374.60', '2015-12-06', 'RB'),
('b19', '201511', 4, '3236.73', '2016-01-02', 'RB'),
('b19', '201512', 2, '2992.61', '2016-02-07', 'RB'),
('b19', '201601', 11, '2529.54', '2016-03-02', 'RB'),
('b19', '201602', 11, '3386.32', '2016-04-08', 'RB'),
('b19', '201603', 0, '1515.99', '2016-05-04', 'RB'),
('b19', '201604', 6, '2433.34', '2016-06-06', 'RB'),
('b19', '201605', 2, '3378.30', '2016-07-02', 'RB'),
('b19', '201606', 0, '2461.69', '2016-07-03', 'VA'),
('b19', '201607', 0, '0.00', '2016-07-05', 'CR'),
('b25', '201401', 10, '996.68', '2014-03-08', 'RB'),
('b25', '201402', 12, '2758.14', '2014-04-07', 'RB'),
('b25', '201403', 9, '2135.54', '2014-05-07', 'RB'),
('b25', '201404', 10, '830.20', '2014-06-02', 'RB'),
('b25', '201405', 9, '2507.35', '2014-07-02', 'RB'),
('b25', '201406', 6, '1935.91', '2014-08-07', 'RB'),
('b25', '201407', 3, '3526.90', '2014-09-06', 'RB'),
('b25', '201408', 3, '2939.51', '2014-10-07', 'RB'),
('b25', '201409', 5, '2980.26', '2014-11-04', 'RB'),
('b25', '201410', 0, '3497.99', '2014-12-03', 'RB'),
('b25', '201411', 9, '2521.16', '2015-01-01', 'RB'),
('b25', '201412', 12, '2305.85', '2015-02-05', 'RB'),
('b25', '201501', 2, '3721.90', '2015-03-07', 'RB'),
('b25', '201502', 11, '2409.02', '2015-04-05', 'RB'),
('b25', '201503', 3, '1419.76', '2015-05-03', 'RB'),
('b25', '201504', 1, '2610.55', '2015-06-07', 'RB'),
('b25', '201505', 1, '3096.20', '2015-07-06', 'RB'),
('b25', '201506', 4, '3033.75', '2015-08-08', 'RB'),
('b25', '201507', 2, '2700.93', '2015-09-06', 'RB'),
('b25', '201508', 11, '3066.25', '2015-10-05', 'RB'),
('b25', '201509', 7, '2684.88', '2015-11-03', 'RB'),
('b25', '201510', 7, '1672.39', '2015-12-05', 'RB'),
('b25', '201511', 9, '1416.46', '2016-01-03', 'RB'),
('b25', '201512', 7, '2174.65', '2016-02-03', 'RB'),
('b25', '201601', 9, '2289.86', '2016-03-07', 'RB'),
('b25', '201602', 10, '2904.12', '2016-04-06', 'RB'),
('b25', '201603', 1, '1938.30', '2016-05-05', 'RB'),
('b25', '201604', 6, '3427.54', '2016-06-01', 'RB'),
('b25', '201605', 11, '2836.77', '2016-07-05', 'RB'),
('b25', '201606', 5, '3404.53', '2016-07-05', 'VA'),
('b25', '201607', 8, '0.00', '2016-07-06', 'CR'),
('b28', '201401', 11, '2567.68', '2014-03-05', 'RB'),
('b28', '201402', 6, '2515.78', '2014-04-03', 'RB'),
('b28', '201403', 2, '1676.64', '2014-05-06', 'RB'),
('b28', '201404', 9, '2233.23', '2014-06-01', 'RB'),
('b28', '201405', 12, '2452.04', '2014-07-04', 'RB'),
('b28', '201406', 1, '2962.79', '2014-08-04', 'RB'),
('b28', '201407', 3, '1664.22', '2014-09-02', 'RB'),
('b28', '201408', 6, '2777.94', '2014-10-05', 'RB'),
('b28', '201409', 0, '1907.02', '2014-11-07', 'RB'),
('b28', '201410', 7, '3210.48', '2014-12-02', 'RB'),
('b28', '201411', 6, '2023.43', '2015-01-06', 'RB'),
('b28', '201412', 3, '829.60', '2015-02-03', 'RB'),
('b28', '201501', 6, '1867.63', '2015-03-08', 'RB'),
('b28', '201502', 2, '3773.98', '2015-04-06', 'RB'),
('b28', '201503', 2, '3498.36', '2015-05-06', 'RB'),
('b28', '201504', 4, '3105.61', '2015-06-05', 'RB'),
('b28', '201505', 6, '3345.75', '2015-07-01', 'RB'),
('b28', '201506', 2, '2124.22', '2015-08-03', 'RB'),
('b28', '201507', 7, '2549.05', '2015-09-03', 'RB'),
('b28', '201508', 10, '2673.29', '2015-10-04', 'RB'),
('b28', '201509', 3, '1541.07', '2015-11-04', 'RB'),
('b28', '201510', 9, '2823.60', '2015-12-03', 'RB'),
('b28', '201511', 11, '2916.95', '2016-01-07', 'RB'),
('b28', '201512', 0, '943.62', '2016-02-03', 'RB'),
('b28', '201601', 1, '4085.91', '2016-03-03', 'RB'),
('b28', '201602', 2, '1180.69', '2016-04-08', 'RB'),
('b28', '201603', 4, '1641.50', '2016-05-04', 'RB'),
('b28', '201604', 3, '1630.06', '2016-06-03', 'RB'),
('b28', '201605', 3, '3283.95', '2016-07-01', 'RB'),
('b28', '201606', 10, '2375.04', '2016-07-03', 'VA'),
('b28', '201607', 2, '0.00', '2016-07-05', 'CR'),
('b34', '201401', 9, '3522.34', '2014-03-03', 'RB'),
('b34', '201402', 2, '3720.63', '2014-04-06', 'RB'),
('b34', '201403', 3, '3021.06', '2014-05-04', 'RB'),
('b34', '201404', 11, '2523.00', '2014-06-05', 'RB'),
('b34', '201405', 5, '2810.03', '2014-07-06', 'RB'),
('b34', '201406', 10, '2819.47', '2014-08-08', 'RB'),
('b34', '201407', 1, '2234.06', '2014-09-03', 'RB'),
('b34', '201408', 7, '3039.28', '2014-10-06', 'RB'),
('b34', '201409', 12, '2379.50', '2014-11-07', 'RB'),
('b34', '201410', 7, '1574.06', '2014-12-03', 'RB'),
('b34', '201411', 12, '2797.33', '2015-01-03', 'RB'),
('b34', '201412', 7, '3123.04', '2015-02-06', 'RB'),
('b34', '201501', 8, '2836.86', '2015-03-06', 'RB'),
('b34', '201502', 10, '2719.67', '2015-04-01', 'RB'),
('b34', '201503', 0, '1780.24', '2015-05-07', 'RB'),
('b34', '201504', 1, '3239.56', '2015-06-05', 'RB'),
('b34', '201505', 8, '2761.55', '2015-07-05', 'RB'),
('b34', '201506', 9, '2678.86', '2015-08-05', 'RB'),
('b34', '201507', 7, '4010.12', '2015-09-01', 'RB'),
('b34', '201508', 6, '3041.09', '2015-10-07', 'RB'),
('b34', '201509', 4, '3332.94', '2015-11-08', 'RB'),
('b34', '201510', 7, '1854.37', '2015-12-07', 'RB'),
('b34', '201511', 11, '2173.03', '2016-01-02', 'RB'),
('b34', '201512', 11, '1529.74', '2016-02-05', 'RB'),
('b34', '201601', 10, '2336.37', '2016-03-07', 'RB'),
('b34', '201602', 8, '2834.71', '2016-04-03', 'RB'),
('b34', '201603', 2, '1929.87', '2016-05-06', 'RB'),
('b34', '201604', 7, '2769.04', '2016-06-01', 'RB'),
('b34', '201605', 6, '2552.19', '2016-07-04', 'RB'),
('b34', '201606', 1, '1934.48', '2016-07-02', 'VA'),
('b34', '201607', 9, '0.00', '2016-07-04', 'CR'),
('b4', '201401', 7, '2069.57', '2014-03-02', 'RB'),
('b4', '201402', 3, '1975.96', '2014-04-03', 'RB'),
('b4', '201403', 4, '2529.82', '2014-05-02', 'RB'),
('b4', '201404', 2, '1876.30', '2014-06-05', 'RB'),
('b4', '201405', 10, '3642.28', '2014-07-03', 'RB'),
('b4', '201406', 2, '2900.22', '2014-08-04', 'RB'),
('b4', '201407', 8, '3362.50', '2014-09-02', 'RB'),
('b4', '201408', 10, '2634.08', '2014-10-07', 'RB'),
('b4', '201409', 2, '2684.19', '2014-11-04', 'RB'),
('b4', '201410', 1, '3301.07', '2014-12-07', 'RB'),
('b4', '201411', 2, '2802.24', '2015-01-08', 'RB'),
('b4', '201412', 6, '1478.53', '2015-02-01', 'RB'),
('b4', '201501', 12, '3453.42', '2015-03-01', 'RB'),
('b4', '201502', 2, '1357.37', '2015-04-06', 'RB'),
('b4', '201503', 3, '2627.02', '2015-05-06', 'RB'),
('b4', '201504', 8, '2359.55', '2015-06-03', 'RB'),
('b4', '201505', 5, '3342.47', '2015-07-03', 'RB'),
('b4', '201506', 10, '2357.66', '2015-08-02', 'RB'),
('b4', '201507', 2, '4017.06', '2015-09-06', 'RB'),
('b4', '201508', 4, '2439.78', '2015-10-08', 'RB'),
('b4', '201509', 11, '1364.90', '2015-11-04', 'RB'),
('b4', '201510', 2, '3835.07', '2015-12-06', 'RB'),
('b4', '201511', 2, '1818.78', '2016-01-03', 'RB'),
('b4', '201512', 12, '2401.42', '2016-02-01', 'RB'),
('b4', '201601', 5, '2645.85', '2016-03-06', 'RB'),
('b4', '201602', 7, '1891.20', '2016-04-04', 'RB'),
('b4', '201603', 5, '2369.00', '2016-05-05', 'RB'),
('b4', '201604', 8, '2331.23', '2016-06-02', 'RB'),
('b4', '201605', 5, '2462.10', '2016-07-04', 'RB'),
('b4', '201606', 2, '1333.41', '2016-07-05', 'VA'),
('b4', '201607', 3, '0.00', '2016-07-08', 'CR'),
('b50', '201401', 10, '2568.30', '2014-03-06', 'RB'),
('b50', '201402', 4, '1757.14', '2014-04-04', 'RB'),
('b50', '201403', 6, '2493.63', '2014-05-07', 'RB'),
('b50', '201404', 3, '2044.05', '2014-06-01', 'RB'),
('b50', '201405', 9, '3037.16', '2014-07-02', 'RB'),
('b50', '201406', 1, '4137.16', '2014-08-02', 'RB'),
('b50', '201407', 2, '2358.50', '2014-09-04', 'RB'),
('b50', '201408', 2, '3721.61', '2014-10-01', 'RB'),
('b50', '201409', 9, '2109.87', '2014-11-07', 'RB'),
('b50', '201410', 3, '2767.25', '2014-12-06', 'RB'),
('b50', '201411', 12, '3160.31', '2015-01-08', 'RB'),
('b50', '201412', 7, '1871.49', '2015-02-04', 'RB'),
('b50', '201501', 11, '2435.78', '2015-03-08', 'RB'),
('b50', '201502', 12, '2495.34', '2015-04-03', 'RB'),
('b50', '201503', 1, '2621.88', '2015-05-05', 'RB'),
('b50', '201504', 8, '1376.77', '2015-06-05', 'RB'),
('b50', '201505', 7, '1488.05', '2015-07-07', 'RB'),
('b50', '201506', 5, '3159.27', '2015-08-01', 'RB'),
('b50', '201507', 11, '1682.73', '2015-09-04', 'RB'),
('b50', '201508', 7, '2411.96', '2015-10-04', 'RB'),
('b50', '201509', 0, '1608.35', '2015-11-05', 'RB'),
('b50', '201510', 12, '3399.02', '2015-12-04', 'RB'),
('b50', '201511', 7, '3565.94', '2016-01-08', 'RB'),
('b50', '201512', 9, '2984.31', '2016-02-05', 'RB'),
('b50', '201601', 5, '4291.45', '2016-03-06', 'RB'),
('b50', '201602', 10, '1981.57', '2016-04-06', 'RB'),
('b50', '201603', 4, '1192.03', '2016-05-03', 'RB'),
('b50', '201604', 4, '3065.95', '2016-06-01', 'RB'),
('b50', '201605', 1, '2121.50', '2016-07-01', 'RB'),
('b50', '201606', 2, '1523.20', '2016-07-07', 'VA'),
('b50', '201607', 5, '0.00', '2016-07-06', 'CR'),
('b59', '201401', 10, '2368.43', '2014-03-01', 'RB'),
('b59', '201402', 3, '1087.96', '2014-04-05', 'RB'),
('b59', '201403', 3, '1803.35', '2014-05-03', 'RB'),
('b59', '201404', 10, '2649.71', '2014-06-03', 'RB'),
('b59', '201405', 2, '1737.24', '2014-07-05', 'RB'),
('b59', '201406', 0, '2134.92', '2014-08-05', 'RB'),
('b59', '201407', 10, '2705.10', '2014-09-02', 'RB'),
('b59', '201408', 11, '2650.07', '2014-10-03', 'RB'),
('b59', '201409', 11, '1569.52', '2014-11-08', 'RB'),
('b59', '201410', 11, '2515.64', '2014-12-03', 'RB'),
('b59', '201411', 9, '2200.41', '2015-01-04', 'RB'),
('b59', '201412', 1, '2877.73', '2015-02-07', 'RB'),
('b59', '201501', 1, '1558.36', '2015-03-03', 'RB'),
('b59', '201502', 1, '1708.32', '2015-04-03', 'RB'),
('b59', '201503', 4, '3139.64', '2015-05-03', 'RB'),
('b59', '201504', 11, '1095.07', '2015-06-08', 'RB'),
('b59', '201505', 1, '2892.05', '2015-07-01', 'RB'),
('b59', '201506', 12, '1721.84', '2015-08-04', 'RB'),
('b59', '201507', 10, '2979.65', '2015-09-01', 'RB'),
('b59', '201508', 4, '2850.85', '2015-10-01', 'RB'),
('b59', '201509', 2, '2194.25', '2015-11-02', 'RB'),
('b59', '201510', 8, '2567.17', '2015-12-03', 'RB'),
('b59', '201511', 7, '2972.76', '2016-01-08', 'RB'),
('b59', '201512', 11, '2343.33', '2016-02-04', 'RB'),
('b59', '201601', 8, '3819.15', '2016-03-02', 'RB'),
('b59', '201602', 6, '2312.98', '2016-04-08', 'RB'),
('b59', '201603', 9, '3615.00', '2016-05-02', 'RB'),
('b59', '201604', 7, '799.05', '2016-06-02', 'RB'),
('b59', '201605', 7, '2662.09', '2016-07-02', 'RB'),
('b59', '201606', 8, '2790.61', '2016-07-06', 'VA'),
('b59', '201607', 6, '0.00', '2016-07-02', 'CR'),
('c14', '201401', 7, '1743.07', '2014-03-07', 'RB'),
('c14', '201402', 10, '2333.60', '2014-04-02', 'RB'),
('c14', '201403', 5, '2828.41', '2014-05-01', 'RB'),
('c14', '201404', 9, '1478.92', '2014-06-05', 'RB'),
('c14', '201405', 4, '3728.32', '2014-07-02', 'RB'),
('c14', '201406', 10, '3112.54', '2014-08-07', 'RB'),
('c14', '201407', 6, '3125.07', '2014-09-03', 'RB'),
('c14', '201408', 12, '1427.34', '2014-10-06', 'RB'),
('c14', '201409', 3, '2727.58', '2014-11-03', 'RB'),
('c14', '201410', 4, '2246.90', '2014-12-07', 'RB'),
('c14', '201411', 10, '2686.96', '2015-01-01', 'RB'),
('c14', '201412', 9, '3977.78', '2015-02-08', 'RB'),
('c14', '201501', 7, '2620.97', '2015-03-04', 'RB'),
('c14', '201502', 6, '1962.56', '2015-04-04', 'RB'),
('c14', '201503', 8, '2457.38', '2015-05-05', 'RB'),
('c14', '201504', 4, '3870.94', '2015-06-04', 'RB'),
('c14', '201505', 6, '2776.70', '2015-07-01', 'RB'),
('c14', '201506', 7, '3201.43', '2015-08-01', 'RB'),
('c14', '201507', 2, '1770.04', '2015-09-01', 'RB'),
('c14', '201508', 0, '2263.24', '2015-10-04', 'RB'),
('c14', '201509', 3, '2606.52', '2015-11-02', 'RB'),
('c14', '201510', 11, '1867.99', '2015-12-07', 'RB'),
('c14', '201511', 9, '1664.19', '2016-01-06', 'RB'),
('c14', '201512', 12, '2282.80', '2016-02-02', 'RB'),
('c14', '201601', 1, '3056.41', '2016-03-02', 'RB'),
('c14', '201602', 7, '1840.97', '2016-04-08', 'RB'),
('c14', '201603', 6, '2368.73', '2016-05-07', 'RB'),
('c14', '201604', 6, '1746.09', '2016-06-08', 'RB'),
('c14', '201605', 5, '2810.76', '2016-07-02', 'RB'),
('c14', '201606', 12, '2486.69', '2016-07-06', 'VA'),
('c14', '201607', 10, '0.00', '2016-07-05', 'CR'),
('c3', '201401', 10, '3049.68', '2014-03-04', 'RB'),
('c3', '201402', 6, '2010.42', '2014-04-02', 'RB'),
('c3', '201403', 9, '2801.38', '2014-05-01', 'RB'),
('c3', '201404', 3, '2680.16', '2014-06-03', 'RB'),
('c3', '201405', 5, '1571.12', '2014-07-08', 'RB'),
('c3', '201406', 8, '1743.01', '2014-08-07', 'RB'),
('c3', '201407', 7, '2181.95', '2014-09-01', 'RB'),
('c3', '201408', 2, '2319.21', '2014-10-06', 'RB'),
('c3', '201409', 5, '2173.38', '2014-11-06', 'RB'),
('c3', '201410', 0, '3170.06', '2014-12-08', 'RB'),
('c3', '201411', 11, '2378.84', '2015-01-01', 'RB'),
('c3', '201412', 7, '2192.18', '2015-02-02', 'RB'),
('c3', '201501', 2, '2400.24', '2015-03-02', 'RB'),
('c3', '201502', 11, '3555.37', '2015-04-06', 'RB'),
('c3', '201503', 0, '1619.66', '2015-05-03', 'RB'),
('c3', '201504', 6, '2837.17', '2015-06-01', 'RB'),
('c3', '201505', 10, '2191.10', '2015-07-06', 'RB'),
('c3', '201506', 6, '1746.62', '2015-08-04', 'RB'),
('c3', '201507', 3, '1862.24', '2015-09-01', 'RB'),
('c3', '201508', 4, '3676.76', '2015-10-05', 'RB'),
('c3', '201509', 8, '2017.22', '2015-11-02', 'RB'),
('c3', '201510', 1, '2399.77', '2015-12-04', 'RB'),
('c3', '201511', 10, '3186.97', '2016-01-06', 'RB'),
('c3', '201512', 4, '2456.57', '2016-02-07', 'RB'),
('c3', '201601', 12, '2921.64', '2016-03-01', 'RB'),
('c3', '201602', 12, '3670.84', '2016-04-07', 'RB'),
('c3', '201603', 11, '2404.72', '2016-05-03', 'RB'),
('c3', '201604', 8, '1925.69', '2016-06-02', 'RB'),
('c3', '201605', 11, '1931.97', '2016-07-06', 'RB'),
('c3', '201606', 4, '2100.58', '2016-07-08', 'VA'),
('c3', '201607', 10, '0.00', '2016-07-02', 'CR'),
('c54', '201401', 0, '3173.79', '2014-03-08', 'RB'),
('c54', '201402', 3, '1938.89', '2014-04-08', 'RB'),
('c54', '201403', 7, '1312.51', '2014-05-07', 'RB'),
('c54', '201404', 5, '3231.69', '2014-06-05', 'RB'),
('c54', '201405', 3, '2278.84', '2014-07-07', 'RB'),
('c54', '201406', 8, '2966.08', '2014-08-07', 'RB'),
('c54', '201407', 8, '2989.42', '2014-09-05', 'RB'),
('c54', '201408', 0, '2872.78', '2014-10-02', 'RB'),
('c54', '201409', 9, '1072.17', '2014-11-02', 'RB'),
('c54', '201410', 7, '1429.53', '2014-12-05', 'RB'),
('c54', '201411', 0, '1983.12', '2015-01-04', 'RB'),
('c54', '201412', 4, '2785.63', '2015-02-04', 'RB'),
('c54', '201501', 8, '2484.18', '2015-03-03', 'RB'),
('c54', '201502', 3, '1979.50', '2015-04-06', 'RB'),
('c54', '201503', 1, '3012.98', '2015-05-05', 'RB'),
('c54', '201504', 7, '1226.40', '2015-06-06', 'RB'),
('c54', '201505', 4, '2841.84', '2015-07-04', 'RB'),
('c54', '201506', 0, '3260.61', '2015-08-03', 'RB'),
('c54', '201507', 12, '2568.10', '2015-09-03', 'RB'),
('c54', '201508', 12, '4125.45', '2015-10-01', 'RB'),
('c54', '201509', 0, '3212.84', '2015-11-06', 'RB'),
('c54', '201510', 1, '1846.36', '2015-12-06', 'RB'),
('c54', '201511', 12, '1770.42', '2016-01-08', 'RB'),
('c54', '201512', 10, '1980.79', '2016-02-07', 'RB'),
('c54', '201601', 12, '3228.95', '2016-03-04', 'RB'),
('c54', '201602', 10, '1357.93', '2016-04-02', 'RB'),
('c54', '201603', 4, '3941.95', '2016-05-06', 'RB'),
('c54', '201604', 4, '2740.00', '2016-06-02', 'RB'),
('c54', '201605', 4, '2546.00', '2016-07-07', 'RB'),
('c54', '201606', 3, '3473.93', '2016-07-07', 'VA'),
('c54', '201607', 4, '0.00', '2016-07-06', 'CR'),
('d13', '201401', 3, '2829.64', '2014-03-04', 'RB'),
('d13', '201402', 5, '2240.70', '2014-04-08', 'RB'),
('d13', '201403', 0, '2922.39', '2014-05-06', 'RB'),
('d13', '201404', 5, '3194.14', '2014-06-03', 'RB'),
('d13', '201405', 2, '2963.72', '2014-07-01', 'RB'),
('d13', '201406', 7, '2968.99', '2014-08-01', 'RB'),
('d13', '201407', 2, '2735.71', '2014-09-01', 'RB'),
('d13', '201408', 11, '2234.70', '2014-10-01', 'RB'),
('d13', '201409', 9, '2539.92', '2014-11-06', 'RB'),
('d13', '201410', 0, '3970.77', '2014-12-02', 'RB'),
('d13', '201411', 0, '3814.12', '2015-01-02', 'RB'),
('d13', '201412', 11, '2453.88', '2015-02-04', 'RB'),
('d13', '201501', 0, '2636.33', '2015-03-05', 'RB'),
('d13', '201502', 1, '4714.10', '2015-04-06', 'RB'),
('d13', '201503', 10, '3112.99', '2015-05-02', 'RB'),
('d13', '201504', 8, '2540.75', '2015-06-07', 'RB'),
('d13', '201505', 4, '2045.48', '2015-07-01', 'RB'),
('d13', '201506', 1, '3291.00', '2015-08-06', 'RB'),
('d13', '201507', 10, '4196.07', '2015-09-04', 'RB'),
('d13', '201508', 5, '2279.12', '2015-10-04', 'RB'),
('d13', '201509', 12, '2378.65', '2015-11-02', 'RB'),
('d13', '201510', 2, '3609.22', '2015-12-05', 'RB'),
('d13', '201511', 2, '1965.57', '2016-01-08', 'RB'),
('d13', '201512', 4, '3364.22', '2016-02-04', 'RB'),
('d13', '201601', 2, '2771.82', '2016-03-04', 'RB'),
('d13', '201602', 7, '2272.32', '2016-04-05', 'RB'),
('d13', '201603', 3, '1707.38', '2016-05-02', 'RB'),
('d13', '201604', 11, '2711.51', '2016-06-02', 'RB'),
('d13', '201605', 2, '2664.34', '2016-07-08', 'RB'),
('d13', '201606', 8, '2619.64', '2016-07-08', 'VA'),
('d13', '201607', 3, '0.00', '2016-07-03', 'CR'),
('d51', '201401', 10, '1012.04', '2014-03-05', 'RB'),
('d51', '201402', 1, '1692.18', '2014-04-03', 'RB'),
('d51', '201403', 0, '2552.81', '2014-05-03', 'RB'),
('d51', '201404', 4, '3365.67', '2014-06-07', 'RB'),
('d51', '201405', 12, '1830.84', '2014-07-08', 'RB'),
('d51', '201406', 10, '1481.60', '2014-08-05', 'RB'),
('d51', '201407', 8, '2474.12', '2014-09-04', 'RB'),
('d51', '201408', 4, '2410.12', '2014-10-03', 'RB'),
('d51', '201409', 6, '3266.36', '2014-11-04', 'RB'),
('d51', '201410', 3, '2549.84', '2014-12-04', 'RB'),
('d51', '201411', 8, '2633.01', '2015-01-01', 'RB'),
('d51', '201412', 2, '2644.57', '2015-02-08', 'RB'),
('d51', '201501', 8, '2815.17', '2015-03-02', 'RB'),
('d51', '201502', 7, '1510.26', '2015-04-03', 'RB'),
('d51', '201503', 6, '2019.76', '2015-05-07', 'RB'),
('d51', '201504', 1, '1356.67', '2015-06-02', 'RB'),
('d51', '201505', 8, '2066.34', '2015-07-05', 'RB'),
('d51', '201506', 1, '1255.46', '2015-08-03', 'RB'),
('d51', '201507', 3, '2237.51', '2015-09-06', 'RB'),
('d51', '201508', 4, '789.46', '2015-10-03', 'RB'),
('d51', '201509', 10, '2729.87', '2015-11-07', 'RB'),
('d51', '201510', 0, '2353.84', '2015-12-06', 'RB'),
('d51', '201511', 4, '2817.77', '2016-01-01', 'RB'),
('d51', '201512', 1, '1512.92', '2016-02-03', 'RB'),
('d51', '201601', 4, '2737.95', '2016-03-01', 'RB'),
('d51', '201602', 9, '4492.47', '2016-04-06', 'RB'),
('d51', '201603', 11, '1357.51', '2016-05-01', 'RB'),
('d51', '201604', 8, '2426.45', '2016-06-05', 'RB'),
('d51', '201605', 5, '3102.99', '2016-07-06', 'RB'),
('d51', '201606', 3, '3063.65', '2016-07-05', 'VA'),
('d51', '201607', 1, '0.00', '2016-07-01', 'CR'),
('e22', '201401', 8, '3146.70', '2014-03-03', 'RB'),
('e22', '201402', 2, '2541.25', '2014-04-07', 'RB'),
('e22', '201403', 11, '2560.36', '2014-05-01', 'RB'),
('e22', '201404', 11, '1975.25', '2014-06-03', 'RB'),
('e22', '201405', 12, '2082.32', '2014-07-04', 'RB'),
('e22', '201406', 10, '2502.84', '2014-08-02', 'RB'),
('e22', '201407', 6, '3500.77', '2014-09-03', 'RB'),
('e22', '201408', 6, '2563.93', '2014-10-01', 'RB'),
('e22', '201409', 12, '2490.79', '2014-11-02', 'RB'),
('e22', '201410', 12, '2133.40', '2014-12-02', 'RB'),
('e22', '201411', 12, '2886.00', '2015-01-08', 'RB'),
('e22', '201412', 9, '2009.20', '2015-02-02', 'RB'),
('e22', '201501', 10, '2449.47', '2015-03-07', 'RB'),
('e22', '201502', 10, '3293.12', '2015-04-02', 'RB'),
('e22', '201503', 5, '1765.24', '2015-05-08', 'RB'),
('e22', '201504', 10, '2384.06', '2015-06-08', 'RB'),
('e22', '201505', 12, '2683.87', '2015-07-05', 'RB'),
('e22', '201506', 8, '3740.92', '2015-08-04', 'RB'),
('e22', '201507', 2, '2896.69', '2015-09-07', 'RB'),
('e22', '201508', 12, '1609.22', '2015-10-04', 'RB'),
('e22', '201509', 5, '1685.76', '2015-11-07', 'RB'),
('e22', '201510', 10, '1518.55', '2015-12-01', 'RB'),
('e22', '201511', 6, '914.64', '2016-01-06', 'RB'),
('e22', '201512', 7, '2781.23', '2016-02-01', 'RB'),
('e22', '201601', 8, '3138.36', '2016-03-06', 'RB'),
('e22', '201602', 4, '2408.14', '2016-04-04', 'RB'),
('e22', '201603', 8, '1639.79', '2016-05-07', 'RB'),
('e22', '201604', 9, '2448.77', '2016-06-01', 'RB'),
('e22', '201605', 10, '3157.99', '2016-07-03', 'RB'),
('e22', '201606', 9, '3361.50', '2016-07-07', 'VA'),
('e22', '201607', 10, '0.00', '2016-07-04', 'CR'),
('e24', '201401', 10, '2564.11', '2014-03-08', 'RB'),
('e24', '201402', 0, '2595.37', '2014-04-07', 'RB'),
('e24', '201403', 4, '2003.90', '2014-05-02', 'RB'),
('e24', '201404', 7, '2299.19', '2014-06-08', 'RB'),
('e24', '201405', 6, '3193.27', '2014-07-05', 'RB'),
('e24', '201406', 2, '2373.38', '2014-08-08', 'RB'),
('e24', '201407', 12, '1174.70', '2014-09-03', 'RB'),
('e24', '201408', 1, '2381.04', '2014-10-04', 'RB'),
('e24', '201409', 9, '2485.45', '2014-11-07', 'RB'),
('e24', '201410', 1, '3705.19', '2014-12-03', 'RB'),
('e24', '201411', 3, '2853.47', '2015-01-07', 'RB'),
('e24', '201412', 7, '2710.22', '2015-02-08', 'RB'),
('e24', '201501', 8, '2479.55', '2015-03-02', 'RB'),
('e24', '201502', 2, '2034.48', '2015-04-02', 'RB'),
('e24', '201503', 5, '3380.78', '2015-05-07', 'RB'),
('e24', '201504', 3, '1860.86', '2015-06-04', 'RB'),
('e24', '201505', 7, '2249.86', '2015-07-06', 'RB'),
('e24', '201506', 6, '2538.31', '2015-08-07', 'RB'),
('e24', '201507', 8, '3777.66', '2015-09-05', 'RB'),
('e24', '201508', 4, '2998.41', '2015-10-04', 'RB'),
('e24', '201509', 9, '2058.91', '2015-11-06', 'RB'),
('e24', '201510', 5, '2512.07', '2015-12-04', 'RB'),
('e24', '201511', 3, '2497.46', '2016-01-05', 'RB'),
('e24', '201512', 1, '2783.21', '2016-02-02', 'RB'),
('e24', '201601', 5, '1849.83', '2016-03-03', 'RB'),
('e24', '201602', 1, '2286.08', '2016-04-04', 'RB'),
('e24', '201603', 7, '1765.66', '2016-05-07', 'RB'),
('e24', '201604', 10, '3161.91', '2016-06-06', 'RB'),
('e24', '201605', 10, '1942.28', '2016-07-01', 'RB'),
('e24', '201606', 11, '2343.98', '2016-07-07', 'VA'),
('e24', '201607', 8, '0.00', '2016-07-06', 'CR'),
('e39', '201401', 7, '1994.94', '2014-03-02', 'RB'),
('e39', '201402', 3, '2148.41', '2014-04-06', 'RB'),
('e39', '201403', 8, '2744.43', '2014-05-07', 'RB'),
('e39', '201404', 9, '2419.34', '2014-06-03', 'RB'),
('e39', '201405', 4, '1966.91', '2014-07-01', 'RB'),
('e39', '201406', 12, '2288.41', '2014-08-01', 'RB'),
('e39', '201407', 10, '3225.99', '2014-09-02', 'RB'),
('e39', '201408', 12, '3049.33', '2014-10-08', 'RB'),
('e39', '201409', 11, '2020.12', '2014-11-02', 'RB'),
('e39', '201410', 3, '2063.73', '2014-12-07', 'RB'),
('e39', '201411', 10, '3402.85', '2015-01-04', 'RB'),
('e39', '201412', 12, '2448.01', '2015-02-05', 'RB'),
('e39', '201501', 6, '3766.48', '2015-03-07', 'RB'),
('e39', '201502', 6, '1964.19', '2015-04-01', 'RB'),
('e39', '201503', 0, '2156.31', '2015-05-07', 'RB'),
('e39', '201504', 12, '2672.17', '2015-06-04', 'RB'),
('e39', '201505', 4, '4189.05', '2015-07-03', 'RB'),
('e39', '201506', 10, '2531.31', '2015-08-03', 'RB'),
('e39', '201507', 8, '3900.18', '2015-09-06', 'RB'),
('e39', '201508', 2, '2922.65', '2015-10-06', 'RB'),
('e39', '201509', 10, '3170.04', '2015-11-07', 'RB'),
('e39', '201510', 6, '3653.08', '2015-12-05', 'RB'),
('e39', '201511', 0, '1051.49', '2016-01-01', 'RB'),
('e39', '201512', 11, '2446.27', '2016-02-06', 'RB'),
('e39', '201601', 0, '2848.22', '2016-03-05', 'RB'),
('e39', '201602', 10, '1616.11', '2016-04-01', 'RB'),
('e39', '201603', 3, '2756.93', '2016-05-04', 'RB'),
('e39', '201604', 4, '2895.69', '2016-06-06', 'RB'),
('e39', '201605', 5, '2212.90', '2016-07-07', 'RB'),
('e39', '201606', 0, '2836.61', '2016-07-02', 'VA'),
('e39', '201607', 9, '0.00', '2016-07-08', 'CR'),
('e49', '201401', 8, '2249.54', '2014-03-05', 'RB'),
('e49', '201402', 4, '2102.93', '2014-04-02', 'RB'),
('e49', '201403', 5, '2067.70', '2014-05-06', 'RB'),
('e49', '201404', 12, '2520.17', '2014-06-05', 'RB'),
('e49', '201405', 5, '2435.96', '2014-07-03', 'RB'),
('e49', '201406', 12, '2582.57', '2014-08-04', 'RB'),
('e49', '201407', 9, '3103.50', '2014-09-05', 'RB'),
('e49', '201408', 1, '1931.59', '2014-10-05', 'RB'),
('e49', '201409', 11, '1999.44', '2014-11-03', 'RB'),
('e49', '201410', 7, '2018.64', '2014-12-04', 'RB'),
('e49', '201411', 10, '2226.19', '2015-01-05', 'RB'),
('e49', '201412', 3, '3796.95', '2015-02-01', 'RB'),
('e49', '201501', 1, '1863.58', '2015-03-08', 'RB'),
('e49', '201502', 4, '2239.52', '2015-04-06', 'RB'),
('e49', '201503', 10, '1347.12', '2015-05-06', 'RB'),
('e49', '201504', 9, '1595.89', '2015-06-03', 'RB'),
('e49', '201505', 6, '3321.98', '2015-07-04', 'RB'),
('e49', '201506', 7, '3762.24', '2015-08-03', 'RB'),
('e49', '201507', 1, '3662.94', '2015-09-03', 'RB'),
('e49', '201508', 9, '2006.02', '2015-10-06', 'RB'),
('e49', '201509', 3, '2244.53', '2015-11-08', 'RB'),
('e49', '201510', 5, '2449.10', '2015-12-05', 'RB'),
('e49', '201511', 11, '2663.54', '2016-01-05', 'RB'),
('e49', '201512', 7, '1581.88', '2016-02-02', 'RB'),
('e49', '201601', 8, '3033.68', '2016-03-07', 'RB'),
('e49', '201602', 3, '1592.75', '2016-04-07', 'RB'),
('e49', '201603', 5, '1406.42', '2016-05-08', 'RB'),
('e49', '201604', 5, '2904.69', '2016-06-03', 'RB'),
('e49', '201605', 11, '2559.04', '2016-07-03', 'RB'),
('e49', '201606', 3, '3348.28', '2016-07-01', 'VA'),
('e49', '201607', 12, '0.00', '2016-07-04', 'CR'),
('e5', '201401', 5, '1733.64', '2014-03-02', 'RB'),
('e5', '201402', 8, '2877.92', '2014-04-04', 'RB'),
('e5', '201403', 1, '2652.99', '2014-05-06', 'RB'),
('e5', '201404', 5, '2633.79', '2014-06-01', 'RB'),
('e5', '201405', 8, '1883.97', '2014-07-02', 'RB'),
('e5', '201406', 0, '3688.15', '2014-08-07', 'RB'),
('e5', '201407', 10, '1929.91', '2014-09-04', 'RB'),
('e5', '201408', 11, '3104.80', '2014-10-03', 'RB'),
('e5', '201409', 10, '2952.90', '2014-11-01', 'RB'),
('e5', '201410', 1, '1974.58', '2014-12-08', 'RB'),
('e5', '201411', 6, '2710.56', '2015-01-07', 'RB'),
('e5', '201412', 2, '2504.40', '2015-02-03', 'RB'),
('e5', '201501', 2, '2842.14', '2015-03-01', 'RB'),
('e5', '201502', 3, '1192.05', '2015-04-04', 'RB'),
('e5', '201503', 7, '3922.87', '2015-05-07', 'RB'),
('e5', '201504', 8, '2417.60', '2015-06-01', 'RB'),
('e5', '201505', 12, '3663.83', '2015-07-05', 'RB'),
('e5', '201506', 7, '3103.09', '2015-08-03', 'RB'),
('e5', '201507', 1, '2340.96', '2015-09-08', 'RB'),
('e5', '201508', 6, '2194.71', '2015-10-08', 'RB'),
('e5', '201509', 5, '1403.74', '2015-11-05', 'RB'),
('e5', '201510', 5, '1863.57', '2015-12-01', 'RB'),
('e5', '201511', 6, '3365.49', '2016-01-03', 'RB'),
('e5', '201512', 12, '3468.14', '2016-02-02', 'RB'),
('e5', '201601', 9, '2567.56', '2016-03-05', 'RB'),
('e5', '201602', 0, '1854.96', '2016-04-05', 'RB'),
('e5', '201603', 12, '3552.99', '2016-05-02', 'RB'),
('e5', '201604', 3, '1817.69', '2016-06-08', 'RB'),
('e5', '201605', 4, '2135.92', '2016-07-06', 'RB'),
('e5', '201606', 7, '2041.95', '2016-07-04', 'VA'),
('e5', '201607', 8, '0.00', '2016-07-08', 'CR'),
('e52', '201401', 4, '2380.64', '2014-03-07', 'RB'),
('e52', '201402', 10, '1855.89', '2014-04-03', 'RB'),
('e52', '201403', 11, '3676.34', '2014-05-02', 'RB'),
('e52', '201404', 11, '2819.91', '2014-06-04', 'RB'),
('e52', '201405', 9, '2203.41', '2014-07-04', 'RB'),
('e52', '201406', 0, '3747.40', '2014-08-07', 'RB'),
('e52', '201407', 5, '3369.98', '2014-09-08', 'RB'),
('e52', '201408', 7, '1073.55', '2014-10-01', 'RB'),
('e52', '201409', 12, '1410.54', '2014-11-08', 'RB'),
('e52', '201410', 3, '3677.97', '2014-12-08', 'RB'),
('e52', '201411', 10, '2633.41', '2015-01-02', 'RB'),
('e52', '201412', 6, '2740.30', '2015-02-08', 'RB'),
('e52', '201501', 1, '2667.28', '2015-03-06', 'RB'),
('e52', '201502', 11, '877.13', '2015-04-08', 'RB'),
('e52', '201503', 4, '3100.56', '2015-05-03', 'RB'),
('e52', '201504', 10, '1682.53', '2015-06-02', 'RB'),
('e52', '201505', 7, '2350.44', '2015-07-08', 'RB'),
('e52', '201506', 0, '2513.77', '2015-08-07', 'RB'),
('e52', '201507', 2, '3332.69', '2015-09-04', 'RB'),
('e52', '201508', 10, '2212.49', '2015-10-01', 'RB'),
('e52', '201509', 5, '2411.35', '2015-11-08', 'RB'),
('e52', '201510', 12, '3001.44', '2015-12-08', 'RB'),
('e52', '201511', 9, '3165.59', '2016-01-08', 'RB'),
('e52', '201512', 9, '2712.69', '2016-02-08', 'RB'),
('e52', '201601', 1, '2535.37', '2016-03-07', 'RB'),
('e52', '201602', 12, '1177.32', '2016-04-06', 'RB'),
('e52', '201603', 1, '2091.44', '2016-05-01', 'RB'),
('e52', '201604', 11, '2327.33', '2016-06-07', 'RB'),
('e52', '201605', 9, '3532.02', '2016-07-08', 'RB'),
('e52', '201606', 3, '4263.84', '2016-07-02', 'VA'),
('e52', '201607', 7, '0.00', '2016-07-08', 'CR'),
('f21', '201401', 12, '3373.77', '2014-03-03', 'RB'),
('f21', '201402', 11, '3886.46', '2014-04-08', 'RB'),
('f21', '201403', 6, '2745.74', '2014-05-02', 'RB'),
('f21', '201404', 0, '1676.56', '2014-06-05', 'RB'),
('f21', '201405', 9, '2709.67', '2014-07-07', 'RB'),
('f21', '201406', 6, '2510.63', '2014-08-08', 'RB'),
('f21', '201407', 10, '1494.85', '2014-09-06', 'RB'),
('f21', '201408', 3, '2760.83', '2014-10-04', 'RB'),
('f21', '201409', 7, '4137.44', '2014-11-06', 'RB'),
('f21', '201410', 12, '2328.50', '2014-12-05', 'RB'),
('f21', '201411', 3, '895.47', '2015-01-03', 'RB'),
('f21', '201412', 6, '3530.22', '2015-02-04', 'RB'),
('f21', '201501', 9, '1350.68', '2015-03-04', 'RB'),
('f21', '201502', 6, '3080.32', '2015-04-08', 'RB'),
('f21', '201503', 2, '2579.30', '2015-05-04', 'RB'),
('f21', '201504', 12, '2167.76', '2015-06-01', 'RB'),
('f21', '201505', 5, '2474.25', '2015-07-02', 'RB'),
('f21', '201506', 5, '3399.37', '2015-08-04', 'RB'),
('f21', '201507', 9, '3043.09', '2015-09-01', 'RB'),
('f21', '201508', 12, '2452.26', '2015-10-03', 'RB'),
('f21', '201509', 12, '2335.02', '2015-11-02', 'RB'),
('f21', '201510', 0, '1852.44', '2015-12-02', 'RB'),
('f21', '201511', 3, '1260.01', '2016-01-06', 'RB'),
('f21', '201512', 8, '2955.45', '2016-02-04', 'RB'),
('f21', '201601', 6, '1986.83', '2016-03-06', 'RB'),
('f21', '201602', 5, '1414.05', '2016-04-06', 'RB'),
('f21', '201603', 12, '1650.23', '2016-05-04', 'RB'),
('f21', '201604', 4, '2559.54', '2016-06-08', 'RB'),
('f21', '201605', 4, '2161.71', '2016-07-08', 'RB'),
('f21', '201606', 12, '3471.42', '2016-07-08', 'VA'),
('f21', '201607', 0, '0.00', '2016-07-05', 'CR'),
('f39', '201401', 4, '3067.03', '2014-03-02', 'RB'),
('f39', '201402', 9, '1115.41', '2014-04-04', 'RB'),
('f39', '201403', 10, '2065.69', '2014-05-02', 'RB'),
('f39', '201404', 12, '2083.82', '2014-06-02', 'RB'),
('f39', '201405', 0, '2060.63', '2014-07-04', 'RB'),
('f39', '201406', 7, '2615.16', '2014-08-06', 'RB'),
('f39', '201407', 1, '4068.56', '2014-09-03', 'RB'),
('f39', '201408', 4, '2963.92', '2014-10-08', 'RB'),
('f39', '201409', 7, '2259.90', '2014-11-03', 'RB'),
('f39', '201410', 7, '4167.47', '2014-12-02', 'RB'),
('f39', '201411', 5, '2505.14', '2015-01-06', 'RB'),
('f39', '201412', 0, '1537.15', '2015-02-04', 'RB'),
('f39', '201501', 2, '1699.59', '2015-03-01', 'RB'),
('f39', '201502', 0, '2521.26', '2015-04-01', 'RB'),
('f39', '201503', 12, '2679.83', '2015-05-05', 'RB'),
('f39', '201504', 4, '2274.58', '2015-06-08', 'RB'),
('f39', '201505', 2, '1873.44', '2015-07-08', 'RB'),
('f39', '201506', 2, '1619.78', '2015-08-05', 'RB'),
('f39', '201507', 12, '2484.21', '2015-09-02', 'RB'),
('f39', '201508', 5, '2279.17', '2015-10-07', 'RB'),
('f39', '201509', 10, '2854.84', '2015-11-01', 'RB'),
('f39', '201510', 3, '2944.79', '2015-12-08', 'RB'),
('f39', '201511', 9, '2135.64', '2016-01-06', 'RB'),
('f39', '201512', 6, '2896.31', '2016-02-01', 'RB'),
('f39', '201601', 3, '2580.12', '2016-03-06', 'RB'),
('f39', '201602', 6, '3580.57', '2016-04-05', 'RB'),
('f39', '201603', 6, '2715.25', '2016-05-04', 'RB'),
('f39', '201604', 12, '3024.15', '2016-06-02', 'RB'),
('f39', '201605', 11, '3012.65', '2016-07-03', 'RB'),
('f39', '201606', 2, '3948.60', '2016-07-05', 'VA'),
('f39', '201607', 6, '0.00', '2016-07-05', 'CR'),
('f4', '201401', 5, '3170.11', '2014-03-01', 'RB'),
('f4', '201402', 0, '3114.20', '2014-04-03', 'RB'),
('f4', '201403', 8, '2244.88', '2014-05-01', 'RB'),
('f4', '201404', 0, '1481.97', '2014-06-05', 'RB'),
('f4', '201405', 10, '2478.01', '2014-07-03', 'RB'),
('f4', '201406', 5, '1309.51', '2014-08-07', 'RB'),
('f4', '201407', 8, '2931.91', '2014-09-05', 'RB'),
('f4', '201408', 8, '1982.34', '2014-10-06', 'RB'),
('f4', '201409', 5, '2348.96', '2014-11-05', 'RB'),
('f4', '201410', 10, '3715.32', '2014-12-04', 'RB'),
('f4', '201411', 11, '2892.52', '2015-01-08', 'RB'),
('f4', '201412', 4, '2221.08', '2015-02-06', 'RB'),
('f4', '201501', 5, '2213.96', '2015-03-02', 'RB'),
('f4', '201502', 5, '2299.90', '2015-04-06', 'RB'),
('f4', '201503', 9, '3217.34', '2015-05-03', 'RB'),
('f4', '201504', 5, '2610.62', '2015-06-07', 'RB'),
('f4', '201505', 1, '2044.55', '2015-07-05', 'RB'),
('f4', '201506', 6, '1523.35', '2015-08-05', 'RB'),
('f4', '201507', 4, '2858.20', '2015-09-08', 'RB'),
('f4', '201508', 1, '2098.58', '2015-10-03', 'RB'),
('f4', '201509', 9, '1276.88', '2015-11-07', 'RB'),
('f4', '201510', 4, '3239.60', '2015-12-03', 'RB'),
('f4', '201511', 0, '3079.23', '2016-01-01', 'RB'),
('f4', '201512', 8, '2262.90', '2016-02-03', 'RB'),
('f4', '201601', 7, '2721.35', '2016-03-02', 'RB'),
('f4', '201602', 2, '1611.45', '2016-04-04', 'RB'),
('f4', '201603', 0, '2341.57', '2016-05-01', 'RB'),
('f4', '201604', 4, '1844.87', '2016-06-02', 'RB'),
('f4', '201605', 10, '1350.05', '2016-07-08', 'RB'),
('f4', '201606', 2, '1476.90', '2016-07-08', 'VA'),
('f4', '201607', 7, '0.00', '2016-07-08', 'CR');

-- --------------------------------------------------------

--
-- Structure de la table `fraisforfait`
--

CREATE TABLE `fraisforfait` (
  `id` char(3) NOT NULL,
  `libelle` char(20) DEFAULT NULL,
  `montant` decimal(5,2) DEFAULT NULL
) ENGINE=InnoDB DEFAULT CHARSET=latin1;

--
-- Contenu de la table `fraisforfait`
--

INSERT INTO `fraisforfait` (`id`, `libelle`, `montant`) VALUES
('ETP', 'Forfait Etape', '110.00'),
('KM', 'Frais Kilométrique', '0.62'),
('NUI', 'Nuitée Hôtel', '80.00'),
('REP', 'Repas Restaurant', '25.00');

-- --------------------------------------------------------

--
-- Structure de la table `lignefraisforfait`
--

CREATE TABLE `lignefraisforfait` (
  `idVisiteur` char(4) NOT NULL,
  `mois` char(6) NOT NULL,
  `idFraisForfait` char(3) NOT NULL,
  `quantite` int(11) DEFAULT NULL
) ENGINE=InnoDB DEFAULT CHARSET=latin1;

--
-- Contenu de la table `lignefraisforfait`
--

INSERT INTO `lignefraisforfait` (`idVisiteur`, `mois`, `idFraisForfait`, `quantite`) VALUES
('a131', '201401', 'ETP', 19),
('a131', '201401', 'KM', 548),
('a131', '201401', 'NUI', 2),
('a131', '201401', 'REP', 16),
('a131', '201402', 'ETP', 16),
('a131', '201402', 'KM', 602),
('a131', '201402', 'NUI', 18),
('a131', '201402', 'REP', 19),
('a131', '201403', 'ETP', 14),
('a131', '201403', 'KM', 478),
('a131', '201403', 'NUI', 7),
('a131', '201403', 'REP', 14),
('a131', '201404', 'ETP', 19),
('a131', '201404', 'KM', 507),
('a131', '201404', 'NUI', 7),
('a131', '201404', 'REP', 4),
('a131', '201405', 'ETP', 10),
('a131', '201405', 'KM', 666),
('a131', '201405', 'NUI', 12),
('a131', '201405', 'REP', 3),
('a131', '201406', 'ETP', 12),
('a131', '201406', 'KM', 582),
('a131', '201406', 'NUI', 3),
('a131', '201406', 'REP', 16),
('a131', '201407', 'ETP', 3),
('a131', '201407', 'KM', 935),
('a131', '201407', 'NUI', 12),
('a131', '201407', 'REP', 17),
('a131', '201408', 'ETP', 9),
('a131', '201408', 'KM', 652),
('a131', '201408', 'NUI', 3),
('a131', '201408', 'REP', 12),
('a131', '201409', 'ETP', 8),
('a131', '201409', 'KM', 411),
('a131', '201409', 'NUI', 4),
('a131', '201409', 'REP', 14),
('a131', '201410', 'ETP', 6),
('a131', '201410', 'KM', 541),
('a131', '201410', 'NUI', 19),
('a131', '201410', 'REP', 7),
('a131', '201411', 'ETP', 19),
('a131', '201411', 'KM', 319),
('a131', '201411', 'NUI', 20),
('a131', '201411', 'REP', 6),
('a131', '201412', 'ETP', 15),
('a131', '201412', 'KM', 775),
('a131', '201412', 'NUI', 9),
('a131', '201412', 'REP', 15),
('a131', '201501', 'ETP', 12),
('a131', '201501', 'KM', 484),
('a131', '201501', 'NUI', 17),
('a131', '201501', 'REP', 9),
('a131', '201502', 'ETP', 15),
('a131', '201502', 'KM', 477),
('a131', '201502', 'NUI', 7),
('a131', '201502', 'REP', 12),
('a131', '201503', 'ETP', 2),
('a131', '201503', 'KM', 732),
('a131', '201503', 'NUI', 10),
('a131', '201503', 'REP', 18),
('a131', '201504', 'ETP', 19),
('a131', '201504', 'KM', 876),
('a131', '201504', 'NUI', 8),
('a131', '201504', 'REP', 13),
('a131', '201505', 'ETP', 4),
('a131', '201505', 'KM', 886),
('a131', '201505', 'NUI', 13),
('a131', '201505', 'REP', 9),
('a131', '201506', 'ETP', 3),
('a131', '201506', 'KM', 392),
('a131', '201506', 'NUI', 7),
('a131', '201506', 'REP', 12),
('a131', '201507', 'ETP', 12),
('a131', '201507', 'KM', 773),
('a131', '201507', 'NUI', 2),
('a131', '201507', 'REP', 15),
('a131', '201508', 'ETP', 19),
('a131', '201508', 'KM', 955),
('a131', '201508', 'NUI', 19),
('a131', '201508', 'REP', 5),
('a131', '201509', 'ETP', 2),
('a131', '201509', 'KM', 916),
('a131', '201509', 'NUI', 11),
('a131', '201509', 'REP', 13),
('a131', '201510', 'ETP', 6),
('a131', '201510', 'KM', 986),
('a131', '201510', 'NUI', 19),
('a131', '201510', 'REP', 6),
('a131', '201511', 'ETP', 9),
('a131', '201511', 'KM', 441),
('a131', '201511', 'NUI', 15),
('a131', '201511', 'REP', 17),
('a131', '201512', 'ETP', 16),
('a131', '201512', 'KM', 311),
('a131', '201512', 'NUI', 2),
('a131', '201512', 'REP', 11),
('a131', '201601', 'ETP', 7),
('a131', '201601', 'KM', 574),
('a131', '201601', 'NUI', 10),
('a131', '201601', 'REP', 2),
('a131', '201602', 'ETP', 7),
('a131', '201602', 'KM', 857),
('a131', '201602', 'NUI', 3),
('a131', '201602', 'REP', 14),
('a131', '201603', 'ETP', 12),
('a131', '201603', 'KM', 438),
('a131', '201603', 'NUI', 11),
('a131', '201603', 'REP', 3),
('a131', '201604', 'ETP', 11),
('a131', '201604', 'KM', 346),
('a131', '201604', 'NUI', 16),
('a131', '201604', 'REP', 12),
('a131', '201605', 'ETP', 19),
('a131', '201605', 'KM', 559),
('a131', '201605', 'NUI', 12),
('a131', '201605', 'REP', 15),
('a131', '201606', 'ETP', 5),
('a131', '201606', 'KM', 706),
('a131', '201606', 'NUI', 18),
('a131', '201606', 'REP', 17),
('a131', '201607', 'ETP', 3),
('a131', '201607', 'KM', 763),
('a131', '201607', 'NUI', 8),
('a131', '201607', 'REP', 13),
('a131', '201608', 'ETP', 45),
('a131', '201608', 'KM', 32),
('a131', '201608', 'NUI', 8),
('a131', '201608', 'REP', 2),
('a17', '201401', 'ETP', 2),
('a17', '201401', 'KM', 359),
('a17', '201401', 'NUI', 3),
('a17', '201401', 'REP', 7),
('a17', '201402', 'ETP', 18),
('a17', '201402', 'KM', 874),
('a17', '201402', 'NUI', 15),
('a17', '201402', 'REP', 12),
('a17', '201403', 'ETP', 18),
('a17', '201403', 'KM', 533),
('a17', '201403', 'NUI', 6),
('a17', '201403', 'REP', 14),
('a17', '201404', 'ETP', 20),
('a17', '201404', 'KM', 716),
('a17', '201404', 'NUI', 7),
('a17', '201404', 'REP', 8),
('a17', '201405', 'ETP', 10),
('a17', '201405', 'KM', 351),
('a17', '201405', 'NUI', 2),
('a17', '201405', 'REP', 16),
('a17', '201406', 'ETP', 4),
('a17', '201406', 'KM', 816),
('a17', '201406', 'NUI', 20),
('a17', '201406', 'REP', 14),
('a17', '201407', 'ETP', 10),
('a17', '201407', 'KM', 338),
('a17', '201407', 'NUI', 5),
('a17', '201407', 'REP', 6),
('a17', '201408', 'ETP', 5),
('a17', '201408', 'KM', 998),
('a17', '201408', 'NUI', 8),
('a17', '201408', 'REP', 7),
('a17', '201409', 'ETP', 14),
('a17', '201409', 'KM', 320),
('a17', '201409', 'NUI', 12),
('a17', '201409', 'REP', 19),
('a17', '201410', 'ETP', 16),
('a17', '201410', 'KM', 386),
('a17', '201410', 'NUI', 7),
('a17', '201410', 'REP', 20),
('a17', '201411', 'ETP', 18),
('a17', '201411', 'KM', 823),
('a17', '201411', 'NUI', 16),
('a17', '201411', 'REP', 12),
('a17', '201412', 'ETP', 15),
('a17', '201412', 'KM', 907),
('a17', '201412', 'NUI', 11),
('a17', '201412', 'REP', 10),
('a17', '201501', 'ETP', 16),
('a17', '201501', 'KM', 969),
('a17', '201501', 'NUI', 14),
('a17', '201501', 'REP', 17),
('a17', '201502', 'ETP', 16),
('a17', '201502', 'KM', 985),
('a17', '201502', 'NUI', 16),
('a17', '201502', 'REP', 11),
('a17', '201503', 'ETP', 3),
('a17', '201503', 'KM', 584),
('a17', '201503', 'NUI', 19),
('a17', '201503', 'REP', 12),
('a17', '201504', 'ETP', 13),
('a17', '201504', 'KM', 444),
('a17', '201504', 'NUI', 16),
('a17', '201504', 'REP', 17),
('a17', '201505', 'ETP', 14),
('a17', '201505', 'KM', 895),
('a17', '201505', 'NUI', 8),
('a17', '201505', 'REP', 10),
('a17', '201506', 'ETP', 3),
('a17', '201506', 'KM', 511),
('a17', '201506', 'NUI', 7),
('a17', '201506', 'REP', 6),
('a17', '201507', 'ETP', 5),
('a17', '201507', 'KM', 324),
('a17', '201507', 'NUI', 14),
('a17', '201507', 'REP', 7),
('a17', '201508', 'ETP', 18),
('a17', '201508', 'KM', 310),
('a17', '201508', 'NUI', 3),
('a17', '201508', 'REP', 9),
('a17', '201509', 'ETP', 10),
('a17', '201509', 'KM', 798),
('a17', '201509', 'NUI', 14),
('a17', '201509', 'REP', 17),
('a17', '201510', 'ETP', 16),
('a17', '201510', 'KM', 366),
('a17', '201510', 'NUI', 19),
('a17', '201510', 'REP', 5),
('a17', '201511', 'ETP', 4),
('a17', '201511', 'KM', 742),
('a17', '201511', 'NUI', 2),
('a17', '201511', 'REP', 16),
('a17', '201512', 'ETP', 10),
('a17', '201512', 'KM', 504),
('a17', '201512', 'NUI', 11),
('a17', '201512', 'REP', 6),
('a17', '201601', 'ETP', 2),
('a17', '201601', 'KM', 680),
('a17', '201601', 'NUI', 11),
('a17', '201601', 'REP', 18),
('a17', '201602', 'ETP', 16),
('a17', '201602', 'KM', 549),
('a17', '201602', 'NUI', 14),
('a17', '201602', 'REP', 8),
('a17', '201603', 'ETP', 19),
('a17', '201603', 'KM', 438),
('a17', '201603', 'NUI', 19),
('a17', '201603', 'REP', 19),
('a17', '201604', 'ETP', 9),
('a17', '201604', 'KM', 326),
('a17', '201604', 'NUI', 2),
('a17', '201604', 'REP', 7),
('a17', '201605', 'ETP', 11),
('a17', '201605', 'KM', 540),
('a17', '201605', 'NUI', 2),
('a17', '201605', 'REP', 14),
('a17', '201606', 'ETP', 4),
('a17', '201606', 'KM', 360),
('a17', '201606', 'NUI', 10),
('a17', '201606', 'REP', 16),
('a17', '201607', 'ETP', 12),
('a17', '201607', 'KM', 813),
('a17', '201607', 'NUI', 10),
('a17', '201607', 'REP', 17),
('a55', '201401', 'ETP', 14),
('a55', '201401', 'KM', 476),
('a55', '201401', 'NUI', 14),
('a55', '201401', 'REP', 12),
('a55', '201402', 'ETP', 17),
('a55', '201402', 'KM', 379),
('a55', '201402', 'NUI', 3),
('a55', '201402', 'REP', 4),
('a55', '201403', 'ETP', 17),
('a55', '201403', 'KM', 499),
('a55', '201403', 'NUI', 8),
('a55', '201403', 'REP', 9),
('a55', '201404', 'ETP', 2),
('a55', '201404', 'KM', 465),
('a55', '201404', 'NUI', 13),
('a55', '201404', 'REP', 9),
('a55', '201405', 'ETP', 7),
('a55', '201405', 'KM', 955),
('a55', '201405', 'NUI', 8),
('a55', '201405', 'REP', 2),
('a55', '201406', 'ETP', 19),
('a55', '201406', 'KM', 896),
('a55', '201406', 'NUI', 16),
('a55', '201406', 'REP', 8),
('a55', '201407', 'ETP', 18),
('a55', '201407', 'KM', 967),
('a55', '201407', 'NUI', 9),
('a55', '201407', 'REP', 5),
('a55', '201408', 'ETP', 8),
('a55', '201408', 'KM', 796),
('a55', '201408', 'NUI', 7),
('a55', '201408', 'REP', 16),
('a55', '201409', 'ETP', 6),
('a55', '201409', 'KM', 360),
('a55', '201409', 'NUI', 5),
('a55', '201409', 'REP', 15),
('a55', '201410', 'ETP', 19),
('a55', '201410', 'KM', 690),
('a55', '201410', 'NUI', 2),
('a55', '201410', 'REP', 7),
('a55', '201411', 'ETP', 6),
('a55', '201411', 'KM', 361),
('a55', '201411', 'NUI', 10),
('a55', '201411', 'REP', 6),
('a55', '201412', 'ETP', 11),
('a55', '201412', 'KM', 404),
('a55', '201412', 'NUI', 13),
('a55', '201412', 'REP', 17),
('a55', '201501', 'ETP', 12),
('a55', '201501', 'KM', 795),
('a55', '201501', 'NUI', 3),
('a55', '201501', 'REP', 13),
('a55', '201502', 'ETP', 16),
('a55', '201502', 'KM', 462),
('a55', '201502', 'NUI', 18),
('a55', '201502', 'REP', 20),
('a55', '201503', 'ETP', 20),
('a55', '201503', 'KM', 785),
('a55', '201503', 'NUI', 14),
('a55', '201503', 'REP', 12),
('a55', '201504', 'ETP', 11),
('a55', '201504', 'KM', 691),
('a55', '201504', 'NUI', 11),
('a55', '201504', 'REP', 12),
('a55', '201505', 'ETP', 5),
('a55', '201505', 'KM', 858),
('a55', '201505', 'NUI', 2),
('a55', '201505', 'REP', 16),
('a55', '201506', 'ETP', 10),
('a55', '201506', 'KM', 914),
('a55', '201506', 'NUI', 8),
('a55', '201506', 'REP', 8),
('a55', '201507', 'ETP', 2),
('a55', '201507', 'KM', 837),
('a55', '201507', 'NUI', 20),
('a55', '201507', 'REP', 2),
('a55', '201508', 'ETP', 8),
('a55', '201508', 'KM', 956),
('a55', '201508', 'NUI', 2),
('a55', '201508', 'REP', 2),
('a55', '201509', 'ETP', 5),
('a55', '201509', 'KM', 548),
('a55', '201509', 'NUI', 4),
('a55', '201509', 'REP', 3),
('a55', '201510', 'ETP', 20),
('a55', '201510', 'KM', 642),
('a55', '201510', 'NUI', 8),
('a55', '201510', 'REP', 10),
('a55', '201511', 'ETP', 10),
('a55', '201511', 'KM', 516),
('a55', '201511', 'NUI', 8),
('a55', '201511', 'REP', 15),
('a55', '201512', 'ETP', 2),
('a55', '201512', 'KM', 498),
('a55', '201512', 'NUI', 4),
('a55', '201512', 'REP', 6),
('a55', '201601', 'ETP', 12),
('a55', '201601', 'KM', 567),
('a55', '201601', 'NUI', 7),
('a55', '201601', 'REP', 14),
('a55', '201602', 'ETP', 7),
('a55', '201602', 'KM', 349),
('a55', '201602', 'NUI', 2),
('a55', '201602', 'REP', 6),
('a55', '201603', 'ETP', 5),
('a55', '201603', 'KM', 524),
('a55', '201603', 'NUI', 17),
('a55', '201603', 'REP', 14),
('a55', '201604', 'ETP', 12),
('a55', '201604', 'KM', 720),
('a55', '201604', 'NUI', 17),
('a55', '201604', 'REP', 5),
('a55', '201605', 'ETP', 6),
('a55', '201605', 'KM', 914),
('a55', '201605', 'NUI', 12),
('a55', '201605', 'REP', 10),
('a55', '201606', 'ETP', 11),
('a55', '201606', 'KM', 735),
('a55', '201606', 'NUI', 6),
('a55', '201606', 'REP', 16),
('a55', '201607', 'ETP', 7),
('a55', '201607', 'KM', 861),
('a55', '201607', 'NUI', 9),
('a55', '201607', 'REP', 17),
('a93', '201401', 'ETP', 19),
('a93', '201401', 'KM', 919),
('a93', '201401', 'NUI', 3),
('a93', '201401', 'REP', 17),
('a93', '201402', 'ETP', 6),
('a93', '201402', 'KM', 889),
('a93', '201402', 'NUI', 19),
('a93', '201402', 'REP', 10),
('a93', '201403', 'ETP', 12),
('a93', '201403', 'KM', 398),
('a93', '201403', 'NUI', 3),
('a93', '201403', 'REP', 2),
('a93', '201404', 'ETP', 16),
('a93', '201404', 'KM', 825),
('a93', '201404', 'NUI', 2),
('a93', '201404', 'REP', 5),
('a93', '201405', 'ETP', 4),
('a93', '201405', 'KM', 396),
('a93', '201405', 'NUI', 20),
('a93', '201405', 'REP', 5),
('a93', '201406', 'ETP', 13),
('a93', '201406', 'KM', 492),
('a93', '201406', 'NUI', 9),
('a93', '201406', 'REP', 15),
('a93', '201407', 'ETP', 10),
('a93', '201407', 'KM', 740),
('a93', '201407', 'NUI', 11),
('a93', '201407', 'REP', 20),
('a93', '201408', 'ETP', 12),
('a93', '201408', 'KM', 416),
('a93', '201408', 'NUI', 17),
('a93', '201408', 'REP', 16),
('a93', '201409', 'ETP', 6),
('a93', '201409', 'KM', 552),
('a93', '201409', 'NUI', 9),
('a93', '201409', 'REP', 6),
('a93', '201410', 'ETP', 8),
('a93', '201410', 'KM', 423),
('a93', '201410', 'NUI', 20),
('a93', '201410', 'REP', 4),
('a93', '201411', 'ETP', 5),
('a93', '201411', 'KM', 359),
('a93', '201411', 'NUI', 11),
('a93', '201411', 'REP', 14),
('a93', '201412', 'ETP', 14),
('a93', '201412', 'KM', 337),
('a93', '201412', 'NUI', 14),
('a93', '201412', 'REP', 12),
('a93', '201501', 'ETP', 4),
('a93', '201501', 'KM', 686),
('a93', '201501', 'NUI', 11),
('a93', '201501', 'REP', 2),
('a93', '201502', 'ETP', 9),
('a93', '201502', 'KM', 683),
('a93', '201502', 'NUI', 13),
('a93', '201502', 'REP', 17),
('a93', '201503', 'ETP', 16),
('a93', '201503', 'KM', 657),
('a93', '201503', 'NUI', 3),
('a93', '201503', 'REP', 3),
('a93', '201504', 'ETP', 4),
('a93', '201504', 'KM', 586),
('a93', '201504', 'NUI', 13),
('a93', '201504', 'REP', 13),
('a93', '201505', 'ETP', 18),
('a93', '201505', 'KM', 798),
('a93', '201505', 'NUI', 4),
('a93', '201505', 'REP', 12),
('a93', '201506', 'ETP', 16),
('a93', '201506', 'KM', 570),
('a93', '201506', 'NUI', 8),
('a93', '201506', 'REP', 15),
('a93', '201507', 'ETP', 5),
('a93', '201507', 'KM', 933),
('a93', '201507', 'NUI', 7),
('a93', '201507', 'REP', 5),
('a93', '201508', 'ETP', 20),
('a93', '201508', 'KM', 462),
('a93', '201508', 'NUI', 13),
('a93', '201508', 'REP', 17),
('a93', '201509', 'ETP', 10),
('a93', '201509', 'KM', 888),
('a93', '201509', 'NUI', 9),
('a93', '201509', 'REP', 16),
('a93', '201510', 'ETP', 11),
('a93', '201510', 'KM', 786),
('a93', '201510', 'NUI', 5),
('a93', '201510', 'REP', 16),
('a93', '201511', 'ETP', 10),
('a93', '201511', 'KM', 486),
('a93', '201511', 'NUI', 3),
('a93', '201511', 'REP', 2),
('a93', '201512', 'ETP', 4),
('a93', '201512', 'KM', 667),
('a93', '201512', 'NUI', 16),
('a93', '201512', 'REP', 7),
('a93', '201601', 'ETP', 19),
('a93', '201601', 'KM', 956),
('a93', '201601', 'NUI', 6),
('a93', '201601', 'REP', 16),
('a93', '201602', 'ETP', 13),
('a93', '201602', 'KM', 630),
('a93', '201602', 'NUI', 3),
('a93', '201602', 'REP', 4),
('a93', '201603', 'ETP', 12),
('a93', '201603', 'KM', 719),
('a93', '201603', 'NUI', 11),
('a93', '201603', 'REP', 13),
('a93', '201604', 'ETP', 14),
('a93', '201604', 'KM', 500),
('a93', '201604', 'NUI', 20),
('a93', '201604', 'REP', 20),
('a93', '201605', 'ETP', 5),
('a93', '201605', 'KM', 301),
('a93', '201605', 'NUI', 14),
('a93', '201605', 'REP', 9),
('a93', '201606', 'ETP', 2),
('a93', '201606', 'KM', 802),
('a93', '201606', 'NUI', 4),
('a93', '201606', 'REP', 14),
('a93', '201607', 'ETP', 11),
('a93', '201607', 'KM', 929),
('a93', '201607', 'NUI', 10),
('a93', '201607', 'REP', 18),
('b13', '201401', 'ETP', 11),
('b13', '201401', 'KM', 661),
('b13', '201401', 'NUI', 7),
('b13', '201401', 'REP', 18),
('b13', '201402', 'ETP', 8),
('b13', '201402', 'KM', 325),
('b13', '201402', 'NUI', 14),
('b13', '201402', 'REP', 17),
('b13', '201403', 'ETP', 17),
('b13', '201403', 'KM', 602),
('b13', '201403', 'NUI', 6),
('b13', '201403', 'REP', 9),
('b13', '201404', 'ETP', 8),
('b13', '201404', 'KM', 417),
('b13', '201404', 'NUI', 2),
('b13', '201404', 'REP', 18),
('b13', '201405', 'ETP', 15),
('b13', '201405', 'KM', 450),
('b13', '201405', 'NUI', 15),
('b13', '201405', 'REP', 20),
('b13', '201406', 'ETP', 7),
('b13', '201406', 'KM', 328),
('b13', '201406', 'NUI', 7),
('b13', '201406', 'REP', 19),
('b13', '201407', 'ETP', 19),
('b13', '201407', 'KM', 730),
('b13', '201407', 'NUI', 10),
('b13', '201407', 'REP', 9),
('b13', '201408', 'ETP', 20),
('b13', '201408', 'KM', 584),
('b13', '201408', 'NUI', 6),
('b13', '201408', 'REP', 13),
('b13', '201409', 'ETP', 6),
('b13', '201409', 'KM', 567),
('b13', '201409', 'NUI', 5),
('b13', '201409', 'REP', 8),
('b13', '201410', 'ETP', 3),
('b13', '201410', 'KM', 308),
('b13', '201410', 'NUI', 11),
('b13', '201410', 'REP', 16),
('b13', '201411', 'ETP', 9),
('b13', '201411', 'KM', 486),
('b13', '201411', 'NUI', 16),
('b13', '201411', 'REP', 12),
('b13', '201412', 'ETP', 10),
('b13', '201412', 'KM', 728),
('b13', '201412', 'NUI', 20),
('b13', '201412', 'REP', 2),
('b13', '201501', 'ETP', 4),
('b13', '201501', 'KM', 312),
('b13', '201501', 'NUI', 17),
('b13', '201501', 'REP', 18),
('b13', '201502', 'ETP', 16),
('b13', '201502', 'KM', 968),
('b13', '201502', 'NUI', 8),
('b13', '201502', 'REP', 7),
('b13', '201503', 'ETP', 5),
('b13', '201503', 'KM', 571),
('b13', '201503', 'NUI', 4),
('b13', '201503', 'REP', 20),
('b13', '201504', 'ETP', 16),
('b13', '201504', 'KM', 851),
('b13', '201504', 'NUI', 8),
('b13', '201504', 'REP', 5),
('b13', '201505', 'ETP', 8),
('b13', '201505', 'KM', 386),
('b13', '201505', 'NUI', 11),
('b13', '201505', 'REP', 14),
('b13', '201506', 'ETP', 6),
('b13', '201506', 'KM', 904),
('b13', '201506', 'NUI', 15),
('b13', '201506', 'REP', 12),
('b13', '201507', 'ETP', 8),
('b13', '201507', 'KM', 984),
('b13', '201507', 'NUI', 13),
('b13', '201507', 'REP', 13),
('b13', '201508', 'ETP', 20),
('b13', '201508', 'KM', 952),
('b13', '201508', 'NUI', 7),
('b13', '201508', 'REP', 3),
('b13', '201509', 'ETP', 19),
('b13', '201509', 'KM', 788),
('b13', '201509', 'NUI', 7),
('b13', '201509', 'REP', 14),
('b13', '201510', 'ETP', 13),
('b13', '201510', 'KM', 819),
('b13', '201510', 'NUI', 15),
('b13', '201510', 'REP', 12),
('b13', '201511', 'ETP', 17),
('b13', '201511', 'KM', 323),
('b13', '201511', 'NUI', 6),
('b13', '201511', 'REP', 10),
('b13', '201512', 'ETP', 20),
('b13', '201512', 'KM', 330),
('b13', '201512', 'NUI', 17),
('b13', '201512', 'REP', 14),
('b13', '201601', 'ETP', 18),
('b13', '201601', 'KM', 818),
('b13', '201601', 'NUI', 5),
('b13', '201601', 'REP', 18),
('b13', '201602', 'ETP', 17),
('b13', '201602', 'KM', 712),
('b13', '201602', 'NUI', 8),
('b13', '201602', 'REP', 6),
('b13', '201603', 'ETP', 14),
('b13', '201603', 'KM', 693),
('b13', '201603', 'NUI', 18),
('b13', '201603', 'REP', 12),
('b13', '201604', 'ETP', 17),
('b13', '201604', 'KM', 387),
('b13', '201604', 'NUI', 20),
('b13', '201604', 'REP', 20),
('b13', '201605', 'ETP', 3),
('b13', '201605', 'KM', 475),
('b13', '201605', 'NUI', 4),
('b13', '201605', 'REP', 7),
('b13', '201606', 'ETP', 17),
('b13', '201606', 'KM', 583),
('b13', '201606', 'NUI', 11),
('b13', '201606', 'REP', 14),
('b13', '201607', 'ETP', 18),
('b13', '201607', 'KM', 690),
('b13', '201607', 'NUI', 14),
('b13', '201607', 'REP', 17),
('b16', '201401', 'ETP', 12),
('b16', '201401', 'KM', 423),
('b16', '201401', 'NUI', 15),
('b16', '201401', 'REP', 2),
('b16', '201402', 'ETP', 15),
('b16', '201402', 'KM', 461),
('b16', '201402', 'NUI', 5),
('b16', '201402', 'REP', 19),
('b16', '201403', 'ETP', 15),
('b16', '201403', 'KM', 432),
('b16', '201403', 'NUI', 7),
('b16', '201403', 'REP', 17),
('b16', '201404', 'ETP', 9),
('b16', '201404', 'KM', 314),
('b16', '201404', 'NUI', 12),
('b16', '201404', 'REP', 8),
('b16', '201405', 'ETP', 3),
('b16', '201405', 'KM', 436),
('b16', '201405', 'NUI', 2),
('b16', '201405', 'REP', 16),
('b16', '201406', 'ETP', 14),
('b16', '201406', 'KM', 775),
('b16', '201406', 'NUI', 9),
('b16', '201406', 'REP', 17),
('b16', '201407', 'ETP', 10),
('b16', '201407', 'KM', 960),
('b16', '201407', 'NUI', 14),
('b16', '201407', 'REP', 14),
('b16', '201408', 'ETP', 6),
('b16', '201408', 'KM', 968),
('b16', '201408', 'NUI', 11),
('b16', '201408', 'REP', 3),
('b16', '201409', 'ETP', 11),
('b16', '201409', 'KM', 427),
('b16', '201409', 'NUI', 19),
('b16', '201409', 'REP', 6),
('b16', '201410', 'ETP', 19),
('b16', '201410', 'KM', 718),
('b16', '201410', 'NUI', 13),
('b16', '201410', 'REP', 18),
('b16', '201411', 'ETP', 20),
('b16', '201411', 'KM', 765),
('b16', '201411', 'NUI', 13),
('b16', '201411', 'REP', 6),
('b16', '201412', 'ETP', 10),
('b16', '201412', 'KM', 549),
('b16', '201412', 'NUI', 12),
('b16', '201412', 'REP', 2),
('b16', '201501', 'ETP', 15),
('b16', '201501', 'KM', 397),
('b16', '201501', 'NUI', 10),
('b16', '201501', 'REP', 9),
('b16', '201502', 'ETP', 12),
('b16', '201502', 'KM', 988),
('b16', '201502', 'NUI', 20),
('b16', '201502', 'REP', 5),
('b16', '201503', 'ETP', 9),
('b16', '201503', 'KM', 549),
('b16', '201503', 'NUI', 5),
('b16', '201503', 'REP', 12),
('b16', '201504', 'ETP', 2),
('b16', '201504', 'KM', 458),
('b16', '201504', 'NUI', 15),
('b16', '201504', 'REP', 5),
('b16', '201505', 'ETP', 17),
('b16', '201505', 'KM', 345),
('b16', '201505', 'NUI', 12),
('b16', '201505', 'REP', 8),
('b16', '201506', 'ETP', 12),
('b16', '201506', 'KM', 887),
('b16', '201506', 'NUI', 9),
('b16', '201506', 'REP', 15),
('b16', '201507', 'ETP', 14),
('b16', '201507', 'KM', 310),
('b16', '201507', 'NUI', 8),
('b16', '201507', 'REP', 12),
('b16', '201508', 'ETP', 19),
('b16', '201508', 'KM', 696),
('b16', '201508', 'NUI', 19),
('b16', '201508', 'REP', 12),
('b16', '201509', 'ETP', 15),
('b16', '201509', 'KM', 971),
('b16', '201509', 'NUI', 7),
('b16', '201509', 'REP', 20),
('b16', '201510', 'ETP', 18),
('b16', '201510', 'KM', 413),
('b16', '201510', 'NUI', 20),
('b16', '201510', 'REP', 10),
('b16', '201511', 'ETP', 16),
('b16', '201511', 'KM', 751),
('b16', '201511', 'NUI', 3),
('b16', '201511', 'REP', 7),
('b16', '201512', 'ETP', 5),
('b16', '201512', 'KM', 562),
('b16', '201512', 'NUI', 6),
('b16', '201512', 'REP', 4),
('b16', '201601', 'ETP', 11),
('b16', '201601', 'KM', 875),
('b16', '201601', 'NUI', 12),
('b16', '201601', 'REP', 7),
('b16', '201602', 'ETP', 12),
('b16', '201602', 'KM', 968),
('b16', '201602', 'NUI', 13),
('b16', '201602', 'REP', 9),
('b16', '201603', 'ETP', 14),
('b16', '201603', 'KM', 468),
('b16', '201603', 'NUI', 10),
('b16', '201603', 'REP', 15),
('b16', '201604', 'ETP', 16),
('b16', '201604', 'KM', 756),
('b16', '201604', 'NUI', 15),
('b16', '201604', 'REP', 20),
('b16', '201605', 'ETP', 3),
('b16', '201605', 'KM', 757),
('b16', '201605', 'NUI', 10),
('b16', '201605', 'REP', 8),
('b16', '201606', 'ETP', 12),
('b16', '201606', 'KM', 450),
('b16', '201606', 'NUI', 7),
('b16', '201606', 'REP', 13),
('b16', '201607', 'ETP', 10),
('b16', '201607', 'KM', 865),
('b16', '201607', 'NUI', 8),
('b16', '201607', 'REP', 19),
('b19', '201401', 'ETP', 15),
('b19', '201401', 'KM', 577),
('b19', '201401', 'NUI', 5),
('b19', '201401', 'REP', 2),
('b19', '201402', 'ETP', 12),
('b19', '201402', 'KM', 617),
('b19', '201402', 'NUI', 19),
('b19', '201402', 'REP', 4),
('b19', '201403', 'ETP', 19),
('b19', '201403', 'KM', 962),
('b19', '201403', 'NUI', 4),
('b19', '201403', 'REP', 20),
('b19', '201404', 'ETP', 3),
('b19', '201404', 'KM', 539),
('b19', '201404', 'NUI', 18),
('b19', '201404', 'REP', 17),
('b19', '201405', 'ETP', 20),
('b19', '201405', 'KM', 728),
('b19', '201405', 'NUI', 17),
('b19', '201405', 'REP', 7),
('b19', '201406', 'ETP', 18),
('b19', '201406', 'KM', 455),
('b19', '201406', 'NUI', 2),
('b19', '201406', 'REP', 14),
('b19', '201407', 'ETP', 13),
('b19', '201407', 'KM', 400),
('b19', '201407', 'NUI', 2),
('b19', '201407', 'REP', 13),
('b19', '201408', 'ETP', 12),
('b19', '201408', 'KM', 892),
('b19', '201408', 'NUI', 2),
('b19', '201408', 'REP', 9),
('b19', '201409', 'ETP', 12),
('b19', '201409', 'KM', 506),
('b19', '201409', 'NUI', 12),
('b19', '201409', 'REP', 16),
('b19', '201410', 'ETP', 20),
('b19', '201410', 'KM', 972),
('b19', '201410', 'NUI', 14),
('b19', '201410', 'REP', 18),
('b19', '201411', 'ETP', 14),
('b19', '201411', 'KM', 868),
('b19', '201411', 'NUI', 2),
('b19', '201411', 'REP', 10),
('b19', '201412', 'ETP', 18),
('b19', '201412', 'KM', 522),
('b19', '201412', 'NUI', 15),
('b19', '201412', 'REP', 15),
('b19', '201501', 'ETP', 12),
('b19', '201501', 'KM', 612),
('b19', '201501', 'NUI', 8),
('b19', '201501', 'REP', 10),
('b19', '201502', 'ETP', 20),
('b19', '201502', 'KM', 767),
('b19', '201502', 'NUI', 19),
('b19', '201502', 'REP', 17),
('b19', '201503', 'ETP', 2),
('b19', '201503', 'KM', 964),
('b19', '201503', 'NUI', 4),
('b19', '201503', 'REP', 11),
('b19', '201504', 'ETP', 2),
('b19', '201504', 'KM', 831),
('b19', '201504', 'NUI', 2),
('b19', '201504', 'REP', 16),
('b19', '201505', 'ETP', 18),
('b19', '201505', 'KM', 346),
('b19', '201505', 'NUI', 6),
('b19', '201505', 'REP', 8),
('b19', '201506', 'ETP', 17),
('b19', '201506', 'KM', 539),
('b19', '201506', 'NUI', 17),
('b19', '201506', 'REP', 10),
('b19', '201507', 'ETP', 16),
('b19', '201507', 'KM', 687),
('b19', '201507', 'NUI', 8),
('b19', '201507', 'REP', 16),
('b19', '201508', 'ETP', 2),
('b19', '201508', 'KM', 417),
('b19', '201508', 'NUI', 19),
('b19', '201508', 'REP', 12),
('b19', '201509', 'ETP', 11),
('b19', '201509', 'KM', 409),
('b19', '201509', 'NUI', 6),
('b19', '201509', 'REP', 11),
('b19', '201510', 'ETP', 11),
('b19', '201510', 'KM', 991),
('b19', '201510', 'NUI', 6),
('b19', '201510', 'REP', 17),
('b19', '201511', 'ETP', 17),
('b19', '201511', 'KM', 739),
('b19', '201511', 'NUI', 13),
('b19', '201511', 'REP', 6),
('b19', '201512', 'ETP', 18),
('b19', '201512', 'KM', 682),
('b19', '201512', 'NUI', 10),
('b19', '201512', 'REP', 2),
('b19', '201601', 'ETP', 11),
('b19', '201601', 'KM', 800),
('b19', '201601', 'NUI', 7),
('b19', '201601', 'REP', 17),
('b19', '201602', 'ETP', 20),
('b19', '201602', 'KM', 719),
('b19', '201602', 'NUI', 7),
('b19', '201602', 'REP', 19),
('b19', '201603', 'ETP', 6),
('b19', '201603', 'KM', 418),
('b19', '201603', 'NUI', 2),
('b19', '201603', 'REP', 20),
('b19', '201604', 'ETP', 12),
('b19', '201604', 'KM', 926),
('b19', '201604', 'NUI', 12),
('b19', '201604', 'REP', 6),
('b19', '201605', 'ETP', 17),
('b19', '201605', 'KM', 819),
('b19', '201605', 'NUI', 11),
('b19', '201605', 'REP', 9),
('b19', '201606', 'ETP', 8),
('b19', '201606', 'KM', 426),
('b19', '201606', 'NUI', 19),
('b19', '201606', 'REP', 15),
('b19', '201607', 'ETP', 2),
('b19', '201607', 'KM', 426),
('b19', '201607', 'NUI', 11),
('b19', '201607', 'REP', 19),
('b25', '201401', 'ETP', 3),
('b25', '201401', 'KM', 446),
('b25', '201401', 'NUI', 6),
('b25', '201401', 'REP', 4),
('b25', '201402', 'ETP', 11),
('b25', '201402', 'KM', 465),
('b25', '201402', 'NUI', 16),
('b25', '201402', 'REP', 5),
('b25', '201403', 'ETP', 12),
('b25', '201403', 'KM', 811),
('b25', '201403', 'NUI', 5),
('b25', '201403', 'REP', 6),
('b25', '201404', 'ETP', 3),
('b25', '201404', 'KM', 762),
('b25', '201404', 'NUI', 2),
('b25', '201404', 'REP', 2),
('b25', '201405', 'ETP', 11),
('b25', '201405', 'KM', 646),
('b25', '201405', 'NUI', 11),
('b25', '201405', 'REP', 17),
('b25', '201406', 'ETP', 12),
('b25', '201406', 'KM', 440),
('b25', '201406', 'NUI', 4),
('b25', '201406', 'REP', 5),
('b25', '201407', 'ETP', 13),
('b25', '201407', 'KM', 474),
('b25', '201407', 'NUI', 20),
('b25', '201407', 'REP', 11),
('b25', '201408', 'ETP', 12),
('b25', '201408', 'KM', 726),
('b25', '201408', 'NUI', 15),
('b25', '201408', 'REP', 9),
('b25', '201409', 'ETP', 15),
('b25', '201409', 'KM', 823),
('b25', '201409', 'NUI', 9),
('b25', '201409', 'REP', 4),
('b25', '201410', 'ETP', 19),
('b25', '201410', 'KM', 744),
('b25', '201410', 'NUI', 12),
('b25', '201410', 'REP', 10),
('b25', '201411', 'ETP', 11),
('b25', '201411', 'KM', 816),
('b25', '201411', 'NUI', 9),
('b25', '201411', 'REP', 11),
('b25', '201412', 'ETP', 8),
('b25', '201412', 'KM', 318),
('b25', '201412', 'NUI', 10),
('b25', '201412', 'REP', 20),
('b25', '201501', 'ETP', 16),
('b25', '201501', 'KM', 979),
('b25', '201501', 'NUI', 17),
('b25', '201501', 'REP', 6),
('b25', '201502', 'ETP', 13),
('b25', '201502', 'KM', 675),
('b25', '201502', 'NUI', 4),
('b25', '201502', 'REP', 18),
('b25', '201503', 'ETP', 6),
('b25', '201503', 'KM', 435),
('b25', '201503', 'NUI', 9),
('b25', '201503', 'REP', 5),
('b25', '201504', 'ETP', 11),
('b25', '201504', 'KM', 939),
('b25', '201504', 'NUI', 7),
('b25', '201504', 'REP', 17),
('b25', '201505', 'ETP', 14),
('b25', '201505', 'KM', 412),
('b25', '201505', 'NUI', 19),
('b25', '201505', 'REP', 2),
('b25', '201506', 'ETP', 14),
('b25', '201506', 'KM', 935),
('b25', '201506', 'NUI', 16),
('b25', '201506', 'REP', 12),
('b25', '201507', 'ETP', 17),
('b25', '201507', 'KM', 733),
('b25', '201507', 'NUI', 2),
('b25', '201507', 'REP', 12),
('b25', '201508', 'ETP', 20),
('b25', '201508', 'KM', 487),
('b25', '201508', 'NUI', 6),
('b25', '201508', 'REP', 17),
('b25', '201509', 'ETP', 10),
('b25', '201509', 'KM', 524),
('b25', '201509', 'NUI', 12),
('b25', '201509', 'REP', 12),
('b25', '201510', 'ETP', 3),
('b25', '201510', 'KM', 822),
('b25', '201510', 'NUI', 11),
('b25', '201510', 'REP', 9),
('b25', '201511', 'ETP', 6),
('b25', '201511', 'KM', 309),
('b25', '201511', 'NUI', 6),
('b25', '201511', 'REP', 15),
('b25', '201512', 'ETP', 16),
('b25', '201512', 'KM', 363),
('b25', '201512', 'NUI', 7),
('b25', '201512', 'REP', 3),
('b25', '201601', 'ETP', 2),
('b25', '201601', 'KM', 614),
('b25', '201601', 'NUI', 17),
('b25', '201601', 'REP', 16),
('b25', '201602', 'ETP', 17),
('b25', '201602', 'KM', 337),
('b25', '201602', 'NUI', 8),
('b25', '201602', 'REP', 11),
('b25', '201603', 'ETP', 11),
('b25', '201603', 'KM', 563),
('b25', '201603', 'NUI', 2),
('b25', '201603', 'REP', 12),
('b25', '201604', 'ETP', 19),
('b25', '201604', 'KM', 568),
('b25', '201604', 'NUI', 9),
('b25', '201604', 'REP', 12),
('b25', '201605', 'ETP', 10),
('b25', '201605', 'KM', 682),
('b25', '201605', 'NUI', 14),
('b25', '201605', 'REP', 15),
('b25', '201606', 'ETP', 19),
('b25', '201606', 'KM', 882),
('b25', '201606', 'NUI', 7),
('b25', '201606', 'REP', 17),
('b25', '201607', 'ETP', 13),
('b25', '201607', 'KM', 795),
('b25', '201607', 'NUI', 9),
('b25', '201607', 'REP', 3),
('b28', '201401', 'ETP', 10),
('b28', '201401', 'KM', 401),
('b28', '201401', 'NUI', 14),
('b28', '201401', 'REP', 5),
('b28', '201402', 'ETP', 16),
('b28', '201402', 'KM', 728),
('b28', '201402', 'NUI', 3),
('b28', '201402', 'REP', 9),
('b28', '201403', 'ETP', 8),
('b28', '201403', 'KM', 353),
('b28', '201403', 'NUI', 7),
('b28', '201403', 'REP', 9),
('b28', '201404', 'ETP', 12),
('b28', '201404', 'KM', 305),
('b28', '201404', 'NUI', 9),
('b28', '201404', 'REP', 9),
('b28', '201405', 'ETP', 7),
('b28', '201405', 'KM', 562),
('b28', '201405', 'NUI', 20),
('b28', '201405', 'REP', 4),
('b28', '201406', 'ETP', 18),
('b28', '201406', 'KM', 752),
('b28', '201406', 'NUI', 3),
('b28', '201406', 'REP', 16),
('b28', '201407', 'ETP', 4),
('b28', '201407', 'KM', 854),
('b28', '201407', 'NUI', 9),
('b28', '201407', 'REP', 4),
('b28', '201408', 'ETP', 9),
('b28', '201408', 'KM', 494),
('b28', '201408', 'NUI', 20),
('b28', '201408', 'REP', 9),
('b28', '201409', 'ETP', 11),
('b28', '201409', 'KM', 351),
('b28', '201409', 'NUI', 9),
('b28', '201409', 'REP', 6),
('b28', '201410', 'ETP', 17),
('b28', '201410', 'KM', 755),
('b28', '201410', 'NUI', 15),
('b28', '201410', 'REP', 19),
('b28', '201411', 'ETP', 6),
('b28', '201411', 'KM', 982),
('b28', '201411', 'NUI', 13),
('b28', '201411', 'REP', 4),
('b28', '201412', 'ETP', 2),
('b28', '201412', 'KM', 660),
('b28', '201412', 'NUI', 4),
('b28', '201412', 'REP', 3),
('b28', '201501', 'ETP', 2),
('b28', '201501', 'KM', 468),
('b28', '201501', 'NUI', 18),
('b28', '201501', 'REP', 12),
('b28', '201502', 'ETP', 14),
('b28', '201502', 'KM', 735),
('b28', '201502', 'NUI', 19),
('b28', '201502', 'REP', 15),
('b28', '201503', 'ETP', 15),
('b28', '201503', 'KM', 738),
('b28', '201503', 'NUI', 19),
('b28', '201503', 'REP', 7),
('b28', '201504', 'ETP', 11),
('b28', '201504', 'KM', 805),
('b28', '201504', 'NUI', 19),
('b28', '201504', 'REP', 12),
('b28', '201505', 'ETP', 19),
('b28', '201505', 'KM', 914),
('b28', '201505', 'NUI', 11),
('b28', '201505', 'REP', 4),
('b28', '201506', 'ETP', 7),
('b28', '201506', 'KM', 694),
('b28', '201506', 'NUI', 16),
('b28', '201506', 'REP', 7),
('b28', '201507', 'ETP', 11),
('b28', '201507', 'KM', 823),
('b28', '201507', 'NUI', 7),
('b28', '201507', 'REP', 15),
('b28', '201508', 'ETP', 17),
('b28', '201508', 'KM', 928),
('b28', '201508', 'NUI', 6),
('b28', '201508', 'REP', 15),
('b28', '201509', 'ETP', 4),
('b28', '201509', 'KM', 988),
('b28', '201509', 'NUI', 5),
('b28', '201509', 'REP', 18),
('b28', '201510', 'ETP', 17),
('b28', '201510', 'KM', 631),
('b28', '201510', 'NUI', 4),
('b28', '201510', 'REP', 12),
('b28', '201511', 'ETP', 14),
('b28', '201511', 'KM', 535),
('b28', '201511', 'NUI', 17),
('b28', '201511', 'REP', 8),
('b28', '201512', 'ETP', 2),
('b28', '201512', 'KM', 328),
('b28', '201512', 'NUI', 5),
('b28', '201512', 'REP', 12),
('b28', '201601', 'ETP', 15),
('b28', '201601', 'KM', 689),
('b28', '201601', 'NUI', 20),
('b28', '201601', 'REP', 18),
('b28', '201602', 'ETP', 4),
('b28', '201602', 'KM', 545),
('b28', '201602', 'NUI', 4),
('b28', '201602', 'REP', 11),
('b28', '201603', 'ETP', 4),
('b28', '201603', 'KM', 575),
('b28', '201603', 'NUI', 9),
('b28', '201603', 'REP', 5),
('b28', '201604', 'ETP', 2),
('b28', '201604', 'KM', 407),
('b28', '201604', 'NUI', 16),
('b28', '201604', 'REP', 4),
('b28', '201605', 'ETP', 14),
('b28', '201605', 'KM', 719),
('b28', '201605', 'NUI', 17),
('b28', '201605', 'REP', 3),
('b28', '201606', 'ETP', 8),
('b28', '201606', 'KM', 438),
('b28', '201606', 'NUI', 16),
('b28', '201606', 'REP', 6),
('b28', '201607', 'ETP', 20),
('b28', '201607', 'KM', 945),
('b28', '201607', 'NUI', 3),
('b28', '201607', 'REP', 7),
('b34', '201401', 'ETP', 18),
('b34', '201401', 'KM', 464),
('b34', '201401', 'NUI', 18),
('b34', '201401', 'REP', 10),
('b34', '201402', 'ETP', 19),
('b34', '201402', 'KM', 376),
('b34', '201402', 'NUI', 17),
('b34', '201402', 'REP', 11),
('b34', '201403', 'ETP', 9),
('b34', '201403', 'KM', 309),
('b34', '201403', 'NUI', 19),
('b34', '201403', 'REP', 14),
('b34', '201404', 'ETP', 4),
('b34', '201404', 'KM', 942),
('b34', '201404', 'NUI', 17),
('b34', '201404', 'REP', 12),
('b34', '201405', 'ETP', 13),
('b34', '201405', 'KM', 499),
('b34', '201405', 'NUI', 13),
('b34', '201405', 'REP', 11),
('b34', '201406', 'ETP', 11),
('b34', '201406', 'KM', 362),
('b34', '201406', 'NUI', 18),
('b34', '201406', 'REP', 5),
('b34', '201407', 'ETP', 6),
('b34', '201407', 'KM', 859),
('b34', '201407', 'NUI', 15),
('b34', '201407', 'REP', 16),
('b34', '201408', 'ETP', 14),
('b34', '201408', 'KM', 566),
('b34', '201408', 'NUI', 15),
('b34', '201408', 'REP', 3),
('b34', '201409', 'ETP', 4),
('b34', '201409', 'KM', 513),
('b34', '201409', 'NUI', 19),
('b34', '201409', 'REP', 6),
('b34', '201410', 'ETP', 10),
('b34', '201410', 'KM', 677),
('b34', '201410', 'NUI', 2),
('b34', '201410', 'REP', 2),
('b34', '201411', 'ETP', 20),
('b34', '201411', 'KM', 686),
('b34', '201411', 'NUI', 3),
('b34', '201411', 'REP', 14),
('b34', '201412', 'ETP', 12),
('b34', '201412', 'KM', 519),
('b34', '201412', 'NUI', 14),
('b34', '201412', 'REP', 17),
('b34', '201501', 'ETP', 11),
('b34', '201501', 'KM', 504),
('b34', '201501', 'NUI', 18),
('b34', '201501', 'REP', 15),
('b34', '201502', 'ETP', 16),
('b34', '201502', 'KM', 619),
('b34', '201502', 'NUI', 7),
('b34', '201502', 'REP', 4),
('b34', '201503', 'ETP', 12),
('b34', '201503', 'KM', 492),
('b34', '201503', 'NUI', 2),
('b34', '201503', 'REP', 6),
('b34', '201504', 'ETP', 16),
('b34', '201504', 'KM', 801),
('b34', '201504', 'NUI', 15),
('b34', '201504', 'REP', 16),
('b34', '201505', 'ETP', 16),
('b34', '201505', 'KM', 474),
('b34', '201505', 'NUI', 9),
('b34', '201505', 'REP', 19),
('b34', '201506', 'ETP', 9),
('b34', '201506', 'KM', 890),
('b34', '201506', 'NUI', 14),
('b34', '201506', 'REP', 10),
('b34', '201507', 'ETP', 19),
('b34', '201507', 'KM', 976),
('b34', '201507', 'NUI', 13),
('b34', '201507', 'REP', 11),
('b34', '201508', 'ETP', 8),
('b34', '201508', 'KM', 710),
('b34', '201508', 'NUI', 18),
('b34', '201508', 'REP', 19),
('b34', '201509', 'ETP', 17),
('b34', '201509', 'KM', 421),
('b34', '201509', 'NUI', 11),
('b34', '201509', 'REP', 17),
('b34', '201510', 'ETP', 8),
('b34', '201510', 'KM', 788),
('b34', '201510', 'NUI', 3),
('b34', '201510', 'REP', 19),
('b34', '201511', 'ETP', 5),
('b34', '201511', 'KM', 737),
('b34', '201511', 'NUI', 16),
('b34', '201511', 'REP', 12),
('b34', '201512', 'ETP', 6),
('b34', '201512', 'KM', 948),
('b34', '201512', 'NUI', 3),
('b34', '201512', 'REP', 7),
('b34', '201601', 'ETP', 16),
('b34', '201601', 'KM', 347),
('b34', '201601', 'NUI', 5),
('b34', '201601', 'REP', 10),
('b34', '201602', 'ETP', 14),
('b34', '201602', 'KM', 314),
('b34', '201602', 'NUI', 13),
('b34', '201602', 'REP', 15),
('b34', '201603', 'ETP', 7),
('b34', '201603', 'KM', 477),
('b34', '201603', 'NUI', 11),
('b34', '201603', 'REP', 7),
('b34', '201604', 'ETP', 10),
('b34', '201604', 'KM', 814),
('b34', '201604', 'NUI', 10),
('b34', '201604', 'REP', 18),
('b34', '201605', 'ETP', 12),
('b34', '201605', 'KM', 952),
('b34', '201605', 'NUI', 11),
('b34', '201605', 'REP', 16),
('b34', '201606', 'ETP', 8),
('b34', '201606', 'KM', 870),
('b34', '201606', 'NUI', 6),
('b34', '201606', 'REP', 14),
('b34', '201607', 'ETP', 6),
('b34', '201607', 'KM', 896),
('b34', '201607', 'NUI', 18),
('b34', '201607', 'REP', 15),
('b4', '201401', 'ETP', 2),
('b4', '201401', 'KM', 307),
('b4', '201401', 'NUI', 18),
('b4', '201401', 'REP', 15),
('b4', '201402', 'ETP', 4),
('b4', '201402', 'KM', 834),
('b4', '201402', 'NUI', 9),
('b4', '201402', 'REP', 17),
('b4', '201403', 'ETP', 8),
('b4', '201403', 'KM', 352),
('b4', '201403', 'NUI', 20),
('b4', '201403', 'REP', 17),
('b4', '201404', 'ETP', 2),
('b4', '201404', 'KM', 591),
('b4', '201404', 'NUI', 16),
('b4', '201404', 'REP', 18),
('b4', '201405', 'ETP', 20),
('b4', '201405', 'KM', 829),
('b4', '201405', 'NUI', 9),
('b4', '201405', 'REP', 16),
('b4', '201406', 'ETP', 13),
('b4', '201406', 'KM', 694),
('b4', '201406', 'NUI', 18),
('b4', '201406', 'REP', 13),
('b4', '201407', 'ETP', 15),
('b4', '201407', 'KM', 863),
('b4', '201407', 'NUI', 17),
('b4', '201407', 'REP', 6),
('b4', '201408', 'ETP', 14),
('b4', '201408', 'KM', 966),
('b4', '201408', 'NUI', 7),
('b4', '201408', 'REP', 16),
('b4', '201409', 'ETP', 6),
('b4', '201409', 'KM', 980),
('b4', '201409', 'NUI', 20),
('b4', '201409', 'REP', 2),
('b4', '201410', 'ETP', 18),
('b4', '201410', 'KM', 532),
('b4', '201410', 'NUI', 19),
('b4', '201410', 'REP', 4),
('b4', '201411', 'ETP', 9),
('b4', '201411', 'KM', 302),
('b4', '201411', 'NUI', 15),
('b4', '201411', 'REP', 17),
('b4', '201412', 'ETP', 4),
('b4', '201412', 'KM', 618),
('b4', '201412', 'NUI', 10),
('b4', '201412', 'REP', 9),
('b4', '201501', 'ETP', 18),
('b4', '201501', 'KM', 757),
('b4', '201501', 'NUI', 15),
('b4', '201501', 'REP', 11),
('b4', '201502', 'ETP', 2),
('b4', '201502', 'KM', 348),
('b4', '201502', 'NUI', 13),
('b4', '201502', 'REP', 8),
('b4', '201503', 'ETP', 10),
('b4', '201503', 'KM', 770),
('b4', '201503', 'NUI', 15),
('b4', '201503', 'REP', 14),
('b4', '201504', 'ETP', 10),
('b4', '201504', 'KM', 949),
('b4', '201504', 'NUI', 4),
('b4', '201504', 'REP', 15),
('b4', '201505', 'ETP', 17),
('b4', '201505', 'KM', 864),
('b4', '201505', 'NUI', 11),
('b4', '201505', 'REP', 5),
('b4', '201506', 'ETP', 2),
('b4', '201506', 'KM', 843),
('b4', '201506', 'NUI', 18),
('b4', '201506', 'REP', 7),
('b4', '201507', 'ETP', 17),
('b4', '201507', 'KM', 865),
('b4', '201507', 'NUI', 17),
('b4', '201507', 'REP', 15),
('b4', '201508', 'ETP', 13),
('b4', '201508', 'KM', 557),
('b4', '201508', 'NUI', 10),
('b4', '201508', 'REP', 16),
('b4', '201509', 'ETP', 4),
('b4', '201509', 'KM', 598),
('b4', '201509', 'NUI', 9),
('b4', '201509', 'REP', 3),
('b4', '201510', 'ETP', 18),
('b4', '201510', 'KM', 616),
('b4', '201510', 'NUI', 15),
('b4', '201510', 'REP', 19),
('b4', '201511', 'ETP', 12),
('b4', '201511', 'KM', 588),
('b4', '201511', 'NUI', 2),
('b4', '201511', 'REP', 2),
('b4', '201512', 'ETP', 13),
('b4', '201512', 'KM', 844),
('b4', '201512', 'NUI', 8),
('b4', '201512', 'REP', 12),
('b4', '201601', 'ETP', 17),
('b4', '201601', 'KM', 661),
('b4', '201601', 'NUI', 9),
('b4', '201601', 'REP', 6),
('b4', '201602', 'ETP', 11),
('b4', '201602', 'KM', 366),
('b4', '201602', 'NUI', 5),
('b4', '201602', 'REP', 7),
('b4', '201603', 'ETP', 13),
('b4', '201603', 'KM', 640),
('b4', '201603', 'NUI', 7),
('b4', '201603', 'REP', 11),
('b4', '201604', 'ETP', 10),
('b4', '201604', 'KM', 408),
('b4', '201604', 'NUI', 18),
('b4', '201604', 'REP', 2),
('b4', '201605', 'ETP', 16),
('b4', '201605', 'KM', 351),
('b4', '201605', 'NUI', 10),
('b4', '201605', 'REP', 12),
('b4', '201606', 'ETP', 2),
('b4', '201606', 'KM', 796),
('b4', '201606', 'NUI', 6),
('b4', '201606', 'REP', 9),
('b4', '201607', 'ETP', 2),
('b4', '201607', 'KM', 319),
('b4', '201607', 'NUI', 14),
('b4', '201607', 'REP', 5),
('b50', '201401', 'ETP', 4),
('b50', '201401', 'KM', 652),
('b50', '201401', 'NUI', 20),
('b50', '201401', 'REP', 6),
('b50', '201402', 'ETP', 4),
('b50', '201402', 'KM', 370),
('b50', '201402', 'NUI', 14),
('b50', '201402', 'REP', 4),
('b50', '201403', 'ETP', 9),
('b50', '201403', 'KM', 502),
('b50', '201403', 'NUI', 18),
('b50', '201403', 'REP', 5),
('b50', '201404', 'ETP', 17),
('b50', '201404', 'KM', 327),
('b50', '201404', 'NUI', 4),
('b50', '201404', 'REP', 4),
('b50', '201405', 'ETP', 14),
('b50', '201405', 'KM', 873),
('b50', '201405', 'NUI', 14),
('b50', '201405', 'REP', 4),
('b50', '201406', 'ETP', 17),
('b50', '201406', 'KM', 717),
('b50', '201406', 'NUI', 19),
('b50', '201406', 'REP', 19),
('b50', '201407', 'ETP', 13),
('b50', '201407', 'KM', 888),
('b50', '201407', 'NUI', 3),
('b50', '201407', 'REP', 16),
('b50', '201408', 'ETP', 19),
('b50', '201408', 'KM', 664),
('b50', '201408', 'NUI', 15),
('b50', '201408', 'REP', 7),
('b50', '201409', 'ETP', 2),
('b50', '201409', 'KM', 372),
('b50', '201409', 'NUI', 19),
('b50', '201409', 'REP', 16),
('b50', '201410', 'ETP', 17),
('b50', '201410', 'KM', 692),
('b50', '201410', 'NUI', 7),
('b50', '201410', 'REP', 19),
('b50', '201411', 'ETP', 14),
('b50', '201411', 'KM', 551),
('b50', '201411', 'NUI', 19),
('b50', '201411', 'REP', 20),
('b50', '201412', 'ETP', 8),
('b50', '201412', 'KM', 628),
('b50', '201412', 'NUI', 9),
('b50', '201412', 'REP', 14),
('b50', '201501', 'ETP', 6),
('b50', '201501', 'KM', 549),
('b50', '201501', 'NUI', 17),
('b50', '201501', 'REP', 4),
('b50', '201502', 'ETP', 5),
('b50', '201502', 'KM', 996),
('b50', '201502', 'NUI', 16),
('b50', '201502', 'REP', 5),
('b50', '201503', 'ETP', 12),
('b50', '201503', 'KM', 893),
('b50', '201503', 'NUI', 8),
('b50', '201503', 'REP', 20),
('b50', '201504', 'ETP', 4),
('b50', '201504', 'KM', 920),
('b50', '201504', 'NUI', 4),
('b50', '201504', 'REP', 6),
('b50', '201505', 'ETP', 7),
('b50', '201505', 'KM', 705),
('b50', '201505', 'NUI', 6),
('b50', '201505', 'REP', 6),
('b50', '201506', 'ETP', 19),
('b50', '201506', 'KM', 927),
('b50', '201506', 'NUI', 7),
('b50', '201506', 'REP', 13),
('b50', '201507', 'ETP', 7),
('b50', '201507', 'KM', 512),
('b50', '201507', 'NUI', 8),
('b50', '201507', 'REP', 14),
('b50', '201508', 'ETP', 7),
('b50', '201508', 'KM', 841),
('b50', '201508', 'NUI', 20),
('b50', '201508', 'REP', 2),
('b50', '201509', 'ETP', 6),
('b50', '201509', 'KM', 839),
('b50', '201509', 'NUI', 8),
('b50', '201509', 'REP', 2),
('b50', '201510', 'ETP', 20),
('b50', '201510', 'KM', 486),
('b50', '201510', 'NUI', 19),
('b50', '201510', 'REP', 7),
('b50', '201511', 'ETP', 18),
('b50', '201511', 'KM', 810),
('b50', '201511', 'NUI', 19),
('b50', '201511', 'REP', 2),
('b50', '201512', 'ETP', 16),
('b50', '201512', 'KM', 388),
('b50', '201512', 'NUI', 19),
('b50', '201512', 'REP', 3),
('b50', '201601', 'ETP', 20),
('b50', '201601', 'KM', 951),
('b50', '201601', 'NUI', 20),
('b50', '201601', 'REP', 11),
('b50', '201602', 'ETP', 8),
('b50', '201602', 'KM', 373),
('b50', '201602', 'NUI', 14),
('b50', '201602', 'REP', 4),
('b50', '201603', 'ETP', 7),
('b50', '201603', 'KM', 385),
('b50', '201603', 'NUI', 4),
('b50', '201603', 'REP', 5),
('b50', '201604', 'ETP', 12),
('b50', '201604', 'KM', 966),
('b50', '201604', 'NUI', 20),
('b50', '201604', 'REP', 7),
('b50', '201605', 'ETP', 12),
('b50', '201605', 'KM', 340),
('b50', '201605', 'NUI', 6),
('b50', '201605', 'REP', 16),
('b50', '201606', 'ETP', 4),
('b50', '201606', 'KM', 589),
('b50', '201606', 'NUI', 11),
('b50', '201606', 'REP', 6),
('b50', '201607', 'ETP', 12),
('b50', '201607', 'KM', 640),
('b50', '201607', 'NUI', 19),
('b50', '201607', 'REP', 2),
('b59', '201401', 'ETP', 16),
('b59', '201401', 'KM', 470),
('b59', '201401', 'NUI', 3),
('b59', '201401', 'REP', 16),
('b59', '201402', 'ETP', 2),
('b59', '201402', 'KM', 408),
('b59', '201402', 'NUI', 3),
('b59', '201402', 'REP', 15),
('b59', '201403', 'ETP', 5),
('b59', '201403', 'KM', 433),
('b59', '201403', 'NUI', 10),
('b59', '201403', 'REP', 12),
('b59', '201404', 'ETP', 14),
('b59', '201404', 'KM', 872),
('b59', '201404', 'NUI', 8),
('b59', '201404', 'REP', 13),
('b59', '201405', 'ETP', 6),
('b59', '201405', 'KM', 302),
('b59', '201405', 'NUI', 8),
('b59', '201405', 'REP', 10),
('b59', '201406', 'ETP', 7),
('b59', '201406', 'KM', 454),
('b59', '201406', 'NUI', 11),
('b59', '201406', 'REP', 9),
('b59', '201407', 'ETP', 13),
('b59', '201407', 'KM', 605),
('b59', '201407', 'NUI', 10),
('b59', '201407', 'REP', 4),
('b59', '201408', 'ETP', 13),
('b59', '201408', 'KM', 382),
('b59', '201408', 'NUI', 7),
('b59', '201408', 'REP', 18),
('b59', '201409', 'ETP', 3),
('b59', '201409', 'KM', 464),
('b59', '201409', 'NUI', 14),
('b59', '201409', 'REP', 8),
('b59', '201410', 'ETP', 9),
('b59', '201410', 'KM', 479),
('b59', '201410', 'NUI', 11),
('b59', '201410', 'REP', 16),
('b59', '201411', 'ETP', 9),
('b59', '201411', 'KM', 405),
('b59', '201411', 'NUI', 12),
('b59', '201411', 'REP', 18),
('b59', '201412', 'ETP', 9),
('b59', '201412', 'KM', 570),
('b59', '201412', 'NUI', 18),
('b59', '201412', 'REP', 18),
('b59', '201501', 'ETP', 7),
('b59', '201501', 'KM', 953),
('b59', '201501', 'NUI', 2),
('b59', '201501', 'REP', 10),
('b59', '201502', 'ETP', 9),
('b59', '201502', 'KM', 481),
('b59', '201502', 'NUI', 4),
('b59', '201502', 'REP', 18),
('b59', '201503', 'ETP', 11),
('b59', '201503', 'KM', 533),
('b59', '201503', 'NUI', 16),
('b59', '201503', 'REP', 18),
('b59', '201504', 'ETP', 3),
('b59', '201504', 'KM', 737),
('b59', '201504', 'NUI', 3),
('b59', '201504', 'REP', 13),
('b59', '201505', 'ETP', 17),
('b59', '201505', 'KM', 370),
('b59', '201505', 'NUI', 12),
('b59', '201505', 'REP', 17),
('b59', '201506', 'ETP', 5),
('b59', '201506', 'KM', 462),
('b59', '201506', 'NUI', 8),
('b59', '201506', 'REP', 15),
('b59', '201507', 'ETP', 20),
('b59', '201507', 'KM', 990),
('b59', '201507', 'NUI', 3),
('b59', '201507', 'REP', 2),
('b59', '201508', 'ETP', 12),
('b59', '201508', 'KM', 882),
('b59', '201508', 'NUI', 17),
('b59', '201508', 'REP', 2),
('b59', '201509', 'ETP', 15),
('b59', '201509', 'KM', 816),
('b59', '201509', 'NUI', 4),
('b59', '201509', 'REP', 8),
('b59', '201510', 'ETP', 18),
('b59', '201510', 'KM', 420),
('b59', '201510', 'NUI', 5),
('b59', '201510', 'REP', 6),
('b59', '201511', 'ETP', 17),
('b59', '201511', 'KM', 373),
('b59', '201511', 'NUI', 11),
('b59', '201511', 'REP', 10),
('b59', '201512', 'ETP', 18),
('b59', '201512', 'KM', 304),
('b59', '201512', 'NUI', 5),
('b59', '201512', 'REP', 5),
('b59', '201601', 'ETP', 20),
('b59', '201601', 'KM', 889),
('b59', '201601', 'NUI', 18),
('b59', '201601', 'REP', 4),
('b59', '201602', 'ETP', 8),
('b59', '201602', 'KM', 357),
('b59', '201602', 'NUI', 12),
('b59', '201602', 'REP', 11),
('b59', '201603', 'ETP', 19),
('b59', '201603', 'KM', 787),
('b59', '201603', 'NUI', 20),
('b59', '201603', 'REP', 3),
('b59', '201604', 'ETP', 2),
('b59', '201604', 'KM', 405),
('b59', '201604', 'NUI', 4),
('b59', '201604', 'REP', 2),
('b59', '201605', 'ETP', 11),
('b59', '201605', 'KM', 591),
('b59', '201605', 'NUI', 13),
('b59', '201605', 'REP', 4),
('b59', '201606', 'ETP', 15),
('b59', '201606', 'KM', 973),
('b59', '201606', 'NUI', 12),
('b59', '201606', 'REP', 11),
('b59', '201607', 'ETP', 10),
('b59', '201607', 'KM', 827),
('b59', '201607', 'NUI', 12),
('b59', '201607', 'REP', 19),
('c14', '201401', 'ETP', 3),
('c14', '201401', 'KM', 484),
('c14', '201401', 'NUI', 14),
('c14', '201401', 'REP', 14),
('c14', '201402', 'ETP', 10),
('c14', '201402', 'KM', 620),
('c14', '201402', 'NUI', 11),
('c14', '201402', 'REP', 8),
('c14', '201403', 'ETP', 18),
('c14', '201403', 'KM', 865),
('c14', '201403', 'NUI', 5),
('c14', '201403', 'REP', 5),
('c14', '201404', 'ETP', 7),
('c14', '201404', 'KM', 496),
('c14', '201404', 'NUI', 6),
('c14', '201404', 'REP', 2),
('c14', '201405', 'ETP', 19),
('c14', '201405', 'KM', 541),
('c14', '201405', 'NUI', 17),
('c14', '201405', 'REP', 20),
('c14', '201406', 'ETP', 15),
('c14', '201406', 'KM', 979),
('c14', '201406', 'NUI', 11),
('c14', '201406', 'REP', 16),
('c14', '201407', 'ETP', 19),
('c14', '201407', 'KM', 736),
('c14', '201407', 'NUI', 8),
('c14', '201407', 'REP', 13),
('c14', '201408', 'ETP', 10),
('c14', '201408', 'KM', 493),
('c14', '201408', 'NUI', 2),
('c14', '201408', 'REP', 7),
('c14', '201409', 'ETP', 13),
('c14', '201409', 'KM', 576),
('c14', '201409', 'NUI', 12),
('c14', '201409', 'REP', 20),
('c14', '201410', 'ETP', 7),
('c14', '201410', 'KM', 965),
('c14', '201410', 'NUI', 12),
('c14', '201410', 'REP', 9),
('c14', '201411', 'ETP', 17),
('c14', '201411', 'KM', 585),
('c14', '201411', 'NUI', 4),
('c14', '201411', 'REP', 16),
('c14', '201412', 'ETP', 20),
('c14', '201412', 'KM', 818),
('c14', '201412', 'NUI', 18),
('c14', '201412', 'REP', 17),
('c14', '201501', 'ETP', 5),
('c14', '201501', 'KM', 589),
('c14', '201501', 'NUI', 18),
('c14', '201501', 'REP', 15),
('c14', '201502', 'ETP', 6),
('c14', '201502', 'KM', 578),
('c14', '201502', 'NUI', 15),
('c14', '201502', 'REP', 7),
('c14', '201503', 'ETP', 11),
('c14', '201503', 'KM', 413),
('c14', '201503', 'NUI', 11),
('c14', '201503', 'REP', 13),
('c14', '201504', 'ETP', 18),
('c14', '201504', 'KM', 771),
('c14', '201504', 'NUI', 17),
('c14', '201504', 'REP', 12),
('c14', '201505', 'ETP', 12),
('c14', '201505', 'KM', 581),
('c14', '201505', 'NUI', 16),
('c14', '201505', 'REP', 5),
('c14', '201506', 'ETP', 12),
('c14', '201506', 'KM', 520),
('c14', '201506', 'NUI', 20),
('c14', '201506', 'REP', 8),
('c14', '201507', 'ETP', 3),
('c14', '201507', 'KM', 919),
('c14', '201507', 'NUI', 10),
('c14', '201507', 'REP', 5),
('c14', '201508', 'ETP', 3),
('c14', '201508', 'KM', 352),
('c14', '201508', 'NUI', 18),
('c14', '201508', 'REP', 11),
('c14', '201509', 'ETP', 17),
('c14', '201509', 'KM', 550),
('c14', '201509', 'NUI', 7),
('c14', '201509', 'REP', 9),
('c14', '201510', 'ETP', 5),
('c14', '201510', 'KM', 791),
('c14', '201510', 'NUI', 8),
('c14', '201510', 'REP', 14),
('c14', '201511', 'ETP', 11),
('c14', '201511', 'KM', 702),
('c14', '201511', 'NUI', 2),
('c14', '201511', 'REP', 11),
('c14', '201512', 'ETP', 13),
('c14', '201512', 'KM', 962),
('c14', '201512', 'NUI', 2),
('c14', '201512', 'REP', 14),
('c14', '201601', 'ETP', 18),
('c14', '201601', 'KM', 498),
('c14', '201601', 'NUI', 9),
('c14', '201601', 'REP', 7),
('c14', '201602', 'ETP', 4),
('c14', '201602', 'KM', 690),
('c14', '201602', 'NUI', 16),
('c14', '201602', 'REP', 5),
('c14', '201603', 'ETP', 16),
('c14', '201603', 'KM', 464),
('c14', '201603', 'NUI', 5),
('c14', '201603', 'REP', 11),
('c14', '201604', 'ETP', 11),
('c14', '201604', 'KM', 499),
('c14', '201604', 'NUI', 7),
('c14', '201604', 'REP', 2),
('c14', '201605', 'ETP', 17),
('c14', '201605', 'KM', 424),
('c14', '201605', 'NUI', 4),
('c14', '201605', 'REP', 19),
('c14', '201606', 'ETP', 10),
('c14', '201606', 'KM', 916),
('c14', '201606', 'NUI', 7),
('c14', '201606', 'REP', 19),
('c14', '201607', 'ETP', 17),
('c14', '201607', 'KM', 904),
('c14', '201607', 'NUI', 19),
('c14', '201607', 'REP', 6),
('c3', '201401', 'ETP', 16),
('c3', '201401', 'KM', 365),
('c3', '201401', 'NUI', 13),
('c3', '201401', 'REP', 13),
('c3', '201402', 'ETP', 12),
('c3', '201402', 'KM', 328),
('c3', '201402', 'NUI', 9),
('c3', '201402', 'REP', 6),
('c3', '201403', 'ETP', 4),
('c3', '201403', 'KM', 771),
('c3', '201403', 'NUI', 19),
('c3', '201403', 'REP', 18),
('c3', '201404', 'ETP', 16),
('c3', '201404', 'KM', 622),
('c3', '201404', 'NUI', 7),
('c3', '201404', 'REP', 15),
('c3', '201405', 'ETP', 8),
('c3', '201405', 'KM', 559),
('c3', '201405', 'NUI', 2),
('c3', '201405', 'REP', 10),
('c3', '201406', 'ETP', 5),
('c3', '201406', 'KM', 910),
('c3', '201406', 'NUI', 7),
('c3', '201406', 'REP', 8),
('c3', '201407', 'ETP', 4),
('c3', '201407', 'KM', 954),
('c3', '201407', 'NUI', 14),
('c3', '201407', 'REP', 3),
('c3', '201408', 'ETP', 12),
('c3', '201408', 'KM', 317),
('c3', '201408', 'NUI', 5),
('c3', '201408', 'REP', 18),
('c3', '201409', 'ETP', 7),
('c3', '201409', 'KM', 380),
('c3', '201409', 'NUI', 12),
('c3', '201409', 'REP', 11),
('c3', '201410', 'ETP', 14),
('c3', '201410', 'KM', 770),
('c3', '201410', 'NUI', 16),
('c3', '201410', 'REP', 3),
('c3', '201411', 'ETP', 11),
('c3', '201411', 'KM', 765),
('c3', '201411', 'NUI', 10),
('c3', '201411', 'REP', 10),
('c3', '201412', 'ETP', 5),
('c3', '201412', 'KM', 692),
('c3', '201412', 'NUI', 15),
('c3', '201412', 'REP', 16),
('c3', '201501', 'ETP', 12),
('c3', '201501', 'KM', 531),
('c3', '201501', 'NUI', 5),
('c3', '201501', 'REP', 16),
('c3', '201502', 'ETP', 19),
('c3', '201502', 'KM', 609),
('c3', '201502', 'NUI', 18),
('c3', '201502', 'REP', 13),
('c3', '201503', 'ETP', 5),
('c3', '201503', 'KM', 904),
('c3', '201503', 'NUI', 9),
('c3', '201503', 'REP', 3),
('c3', '201504', 'ETP', 14),
('c3', '201504', 'KM', 344),
('c3', '201504', 'NUI', 18),
('c3', '201504', 'REP', 9);
INSERT INTO `lignefraisforfait` (`idVisiteur`, `mois`, `idFraisForfait`, `quantite`) VALUES
('c3', '201505', 'ETP', 5),
('c3', '201505', 'KM', 308),
('c3', '201505', 'NUI', 18),
('c3', '201505', 'REP', 6),
('c3', '201506', 'ETP', 3),
('c3', '201506', 'KM', 425),
('c3', '201506', 'NUI', 11),
('c3', '201506', 'REP', 17),
('c3', '201507', 'ETP', 6),
('c3', '201507', 'KM', 671),
('c3', '201507', 'NUI', 9),
('c3', '201507', 'REP', 19),
('c3', '201508', 'ETP', 20),
('c3', '201508', 'KM', 675),
('c3', '201508', 'NUI', 12),
('c3', '201508', 'REP', 15),
('c3', '201509', 'ETP', 4),
('c3', '201509', 'KM', 415),
('c3', '201509', 'NUI', 14),
('c3', '201509', 'REP', 19),
('c3', '201510', 'ETP', 3),
('c3', '201510', 'KM', 920),
('c3', '201510', 'NUI', 16),
('c3', '201510', 'REP', 16),
('c3', '201511', 'ETP', 13),
('c3', '201511', 'KM', 767),
('c3', '201511', 'NUI', 11),
('c3', '201511', 'REP', 20),
('c3', '201512', 'ETP', 4),
('c3', '201512', 'KM', 984),
('c3', '201512', 'NUI', 18),
('c3', '201512', 'REP', 16),
('c3', '201601', 'ETP', 10),
('c3', '201601', 'KM', 850),
('c3', '201601', 'NUI', 12),
('c3', '201601', 'REP', 17),
('c3', '201602', 'ETP', 19),
('c3', '201602', 'KM', 692),
('c3', '201602', 'NUI', 14),
('c3', '201602', 'REP', 9),
('c3', '201603', 'ETP', 8),
('c3', '201603', 'KM', 490),
('c3', '201603', 'NUI', 14),
('c3', '201603', 'REP', 6),
('c3', '201604', 'ETP', 4),
('c3', '201604', 'KM', 570),
('c3', '201604', 'NUI', 16),
('c3', '201604', 'REP', 11),
('c3', '201605', 'ETP', 3),
('c3', '201605', 'KM', 913),
('c3', '201605', 'NUI', 12),
('c3', '201605', 'REP', 20),
('c3', '201606', 'ETP', 12),
('c3', '201606', 'KM', 443),
('c3', '201606', 'NUI', 3),
('c3', '201606', 'REP', 16),
('c3', '201607', 'ETP', 9),
('c3', '201607', 'KM', 541),
('c3', '201607', 'NUI', 20),
('c3', '201607', 'REP', 15),
('c54', '201401', 'ETP', 20),
('c54', '201401', 'KM', 836),
('c54', '201401', 'NUI', 7),
('c54', '201401', 'REP', 20),
('c54', '201402', 'ETP', 3),
('c54', '201402', 'KM', 603),
('c54', '201402', 'NUI', 14),
('c54', '201402', 'REP', 7),
('c54', '201403', 'ETP', 3),
('c54', '201403', 'KM', 872),
('c54', '201403', 'NUI', 4),
('c54', '201403', 'REP', 18),
('c54', '201404', 'ETP', 17),
('c54', '201404', 'KM', 922),
('c54', '201404', 'NUI', 8),
('c54', '201404', 'REP', 10),
('c54', '201405', 'ETP', 14),
('c54', '201405', 'KM', 378),
('c54', '201405', 'NUI', 9),
('c54', '201405', 'REP', 5),
('c54', '201406', 'ETP', 10),
('c54', '201406', 'KM', 622),
('c54', '201406', 'NUI', 17),
('c54', '201406', 'REP', 18),
('c54', '201407', 'ETP', 10),
('c54', '201407', 'KM', 579),
('c54', '201407', 'NUI', 16),
('c54', '201407', 'REP', 15),
('c54', '201408', 'ETP', 13),
('c54', '201408', 'KM', 929),
('c54', '201408', 'NUI', 17),
('c54', '201408', 'REP', 9),
('c54', '201409', 'ETP', 5),
('c54', '201409', 'KM', 599),
('c54', '201409', 'NUI', 3),
('c54', '201409', 'REP', 4),
('c54', '201410', 'ETP', 3),
('c54', '201410', 'KM', 969),
('c54', '201410', 'NUI', 3),
('c54', '201410', 'REP', 14),
('c54', '201411', 'ETP', 14),
('c54', '201411', 'KM', 965),
('c54', '201411', 'NUI', 2),
('c54', '201411', 'REP', 6),
('c54', '201412', 'ETP', 15),
('c54', '201412', 'KM', 565),
('c54', '201412', 'NUI', 9),
('c54', '201412', 'REP', 11),
('c54', '201501', 'ETP', 12),
('c54', '201501', 'KM', 799),
('c54', '201501', 'NUI', 8),
('c54', '201501', 'REP', 16),
('c54', '201502', 'ETP', 4),
('c54', '201502', 'KM', 944),
('c54', '201502', 'NUI', 10),
('c54', '201502', 'REP', 14),
('c54', '201503', 'ETP', 15),
('c54', '201503', 'KM', 628),
('c54', '201503', 'NUI', 17),
('c54', '201503', 'REP', 11),
('c54', '201504', 'ETP', 4),
('c54', '201504', 'KM', 529),
('c54', '201504', 'NUI', 2),
('c54', '201504', 'REP', 18),
('c54', '201505', 'ETP', 17),
('c54', '201505', 'KM', 977),
('c54', '201505', 'NUI', 6),
('c54', '201505', 'REP', 4),
('c54', '201506', 'ETP', 11),
('c54', '201506', 'KM', 547),
('c54', '201506', 'NUI', 19),
('c54', '201506', 'REP', 19),
('c54', '201507', 'ETP', 13),
('c54', '201507', 'KM', 970),
('c54', '201507', 'NUI', 6),
('c54', '201507', 'REP', 10),
('c54', '201508', 'ETP', 19),
('c54', '201508', 'KM', 822),
('c54', '201508', 'NUI', 17),
('c54', '201508', 'REP', 10),
('c54', '201509', 'ETP', 18),
('c54', '201509', 'KM', 431),
('c54', '201509', 'NUI', 14),
('c54', '201509', 'REP', 5),
('c54', '201510', 'ETP', 5),
('c54', '201510', 'KM', 478),
('c54', '201510', 'NUI', 10),
('c54', '201510', 'REP', 8),
('c54', '201511', 'ETP', 8),
('c54', '201511', 'KM', 589),
('c54', '201511', 'NUI', 6),
('c54', '201511', 'REP', 4),
('c54', '201512', 'ETP', 3),
('c54', '201512', 'KM', 742),
('c54', '201512', 'NUI', 14),
('c54', '201512', 'REP', 7),
('c54', '201601', 'ETP', 16),
('c54', '201601', 'KM', 565),
('c54', '201601', 'NUI', 16),
('c54', '201601', 'REP', 20),
('c54', '201602', 'ETP', 7),
('c54', '201602', 'KM', 738),
('c54', '201602', 'NUI', 4),
('c54', '201602', 'REP', 2),
('c54', '201603', 'ETP', 19),
('c54', '201603', 'KM', 887),
('c54', '201603', 'NUI', 18),
('c54', '201603', 'REP', 12),
('c54', '201604', 'ETP', 12),
('c54', '201604', 'KM', 991),
('c54', '201604', 'NUI', 13),
('c54', '201604', 'REP', 7),
('c54', '201605', 'ETP', 11),
('c54', '201605', 'KM', 677),
('c54', '201605', 'NUI', 9),
('c54', '201605', 'REP', 11),
('c54', '201606', 'ETP', 14),
('c54', '201606', 'KM', 625),
('c54', '201606', 'NUI', 18),
('c54', '201606', 'REP', 18),
('c54', '201607', 'ETP', 8),
('c54', '201607', 'KM', 462),
('c54', '201607', 'NUI', 3),
('c54', '201607', 'REP', 14),
('d13', '201401', 'ETP', 9),
('d13', '201401', 'KM', 867),
('d13', '201401', 'NUI', 14),
('d13', '201401', 'REP', 12),
('d13', '201402', 'ETP', 4),
('d13', '201402', 'KM', 767),
('d13', '201402', 'NUI', 14),
('d13', '201402', 'REP', 16),
('d13', '201403', 'ETP', 9),
('d13', '201403', 'KM', 841),
('d13', '201403', 'NUI', 15),
('d13', '201403', 'REP', 20),
('d13', '201404', 'ETP', 13),
('d13', '201404', 'KM', 716),
('d13', '201404', 'NUI', 18),
('d13', '201404', 'REP', 11),
('d13', '201405', 'ETP', 12),
('d13', '201405', 'KM', 371),
('d13', '201405', 'NUI', 16),
('d13', '201405', 'REP', 20),
('d13', '201406', 'ETP', 12),
('d13', '201406', 'KM', 835),
('d13', '201406', 'NUI', 11),
('d13', '201406', 'REP', 15),
('d13', '201407', 'ETP', 11),
('d13', '201407', 'KM', 685),
('d13', '201407', 'NUI', 13),
('d13', '201407', 'REP', 7),
('d13', '201408', 'ETP', 15),
('d13', '201408', 'KM', 949),
('d13', '201408', 'NUI', 6),
('d13', '201408', 'REP', 3),
('d13', '201409', 'ETP', 2),
('d13', '201409', 'KM', 905),
('d13', '201409', 'NUI', 20),
('d13', '201409', 'REP', 14),
('d13', '201410', 'ETP', 17),
('d13', '201410', 'KM', 881),
('d13', '201410', 'NUI', 19),
('d13', '201410', 'REP', 8),
('d13', '201411', 'ETP', 19),
('d13', '201411', 'KM', 857),
('d13', '201411', 'NUI', 14),
('d13', '201411', 'REP', 18),
('d13', '201412', 'ETP', 14),
('d13', '201412', 'KM', 458),
('d13', '201412', 'NUI', 6),
('d13', '201412', 'REP', 8),
('d13', '201501', 'ETP', 19),
('d13', '201501', 'KM', 365),
('d13', '201501', 'NUI', 7),
('d13', '201501', 'REP', 12),
('d13', '201502', 'ETP', 20),
('d13', '201502', 'KM', 906),
('d13', '201502', 'NUI', 20),
('d13', '201502', 'REP', 16),
('d13', '201503', 'ETP', 15),
('d13', '201503', 'KM', 657),
('d13', '201503', 'NUI', 16),
('d13', '201503', 'REP', 13),
('d13', '201504', 'ETP', 10),
('d13', '201504', 'KM', 647),
('d13', '201504', 'NUI', 17),
('d13', '201504', 'REP', 8),
('d13', '201505', 'ETP', 3),
('d13', '201505', 'KM', 855),
('d13', '201505', 'NUI', 15),
('d13', '201505', 'REP', 15),
('d13', '201506', 'ETP', 19),
('d13', '201506', 'KM', 908),
('d13', '201506', 'NUI', 12),
('d13', '201506', 'REP', 18),
('d13', '201507', 'ETP', 17),
('d13', '201507', 'KM', 785),
('d13', '201507', 'NUI', 20),
('d13', '201507', 'REP', 13),
('d13', '201508', 'ETP', 4),
('d13', '201508', 'KM', 814),
('d13', '201508', 'NUI', 20),
('d13', '201508', 'REP', 3),
('d13', '201509', 'ETP', 14),
('d13', '201509', 'KM', 972),
('d13', '201509', 'NUI', 6),
('d13', '201509', 'REP', 2),
('d13', '201510', 'ETP', 16),
('d13', '201510', 'KM', 889),
('d13', '201510', 'NUI', 16),
('d13', '201510', 'REP', 15),
('d13', '201511', 'ETP', 7),
('d13', '201511', 'KM', 541),
('d13', '201511', 'NUI', 6),
('d13', '201511', 'REP', 16),
('d13', '201512', 'ETP', 13),
('d13', '201512', 'KM', 958),
('d13', '201512', 'NUI', 16),
('d13', '201512', 'REP', 11),
('d13', '201601', 'ETP', 11),
('d13', '201601', 'KM', 717),
('d13', '201601', 'NUI', 17),
('d13', '201601', 'REP', 13),
('d13', '201602', 'ETP', 9),
('d13', '201602', 'KM', 847),
('d13', '201602', 'NUI', 13),
('d13', '201602', 'REP', 6),
('d13', '201603', 'ETP', 3),
('d13', '201603', 'KM', 625),
('d13', '201603', 'NUI', 14),
('d13', '201603', 'REP', 5),
('d13', '201604', 'ETP', 19),
('d13', '201604', 'KM', 380),
('d13', '201604', 'NUI', 3),
('d13', '201604', 'REP', 14),
('d13', '201605', 'ETP', 16),
('d13', '201605', 'KM', 791),
('d13', '201605', 'NUI', 11),
('d13', '201605', 'REP', 8),
('d13', '201606', 'ETP', 19),
('d13', '201606', 'KM', 784),
('d13', '201606', 'NUI', 2),
('d13', '201606', 'REP', 11),
('d13', '201607', 'ETP', 6),
('d13', '201607', 'KM', 338),
('d13', '201607', 'NUI', 4),
('d13', '201607', 'REP', 17),
('d51', '201401', 'ETP', 3),
('d51', '201401', 'KM', 481),
('d51', '201401', 'NUI', 2),
('d51', '201401', 'REP', 12),
('d51', '201402', 'ETP', 8),
('d51', '201402', 'KM', 492),
('d51', '201402', 'NUI', 7),
('d51', '201402', 'REP', 8),
('d51', '201403', 'ETP', 6),
('d51', '201403', 'KM', 699),
('d51', '201403', 'NUI', 20),
('d51', '201403', 'REP', 11),
('d51', '201404', 'ETP', 15),
('d51', '201404', 'KM', 378),
('d51', '201404', 'NUI', 15),
('d51', '201404', 'REP', 14),
('d51', '201405', 'ETP', 4),
('d51', '201405', 'KM', 560),
('d51', '201405', 'NUI', 13),
('d51', '201405', 'REP', 4),
('d51', '201406', 'ETP', 6),
('d51', '201406', 'KM', 522),
('d51', '201406', 'NUI', 5),
('d51', '201406', 'REP', 12),
('d51', '201407', 'ETP', 10),
('d51', '201407', 'KM', 592),
('d51', '201407', 'NUI', 13),
('d51', '201407', 'REP', 5),
('d51', '201408', 'ETP', 12),
('d51', '201408', 'KM', 748),
('d51', '201408', 'NUI', 9),
('d51', '201408', 'REP', 16),
('d51', '201409', 'ETP', 20),
('d51', '201409', 'KM', 617),
('d51', '201409', 'NUI', 15),
('d51', '201409', 'REP', 10),
('d51', '201410', 'ETP', 11),
('d51', '201410', 'KM', 880),
('d51', '201410', 'NUI', 4),
('d51', '201410', 'REP', 20),
('d51', '201411', 'ETP', 10),
('d51', '201411', 'KM', 463),
('d51', '201411', 'NUI', 16),
('d51', '201411', 'REP', 13),
('d51', '201412', 'ETP', 16),
('d51', '201412', 'KM', 744),
('d51', '201412', 'NUI', 5),
('d51', '201412', 'REP', 2),
('d51', '201501', 'ETP', 14),
('d51', '201501', 'KM', 653),
('d51', '201501', 'NUI', 10),
('d51', '201501', 'REP', 10),
('d51', '201502', 'ETP', 3),
('d51', '201502', 'KM', 866),
('d51', '201502', 'NUI', 6),
('d51', '201502', 'REP', 14),
('d51', '201503', 'ETP', 8),
('d51', '201503', 'KM', 312),
('d51', '201503', 'NUI', 12),
('d51', '201503', 'REP', 16),
('d51', '201504', 'ETP', 7),
('d51', '201504', 'KM', 369),
('d51', '201504', 'NUI', 2),
('d51', '201504', 'REP', 12),
('d51', '201505', 'ETP', 6),
('d51', '201505', 'KM', 666),
('d51', '201505', 'NUI', 17),
('d51', '201505', 'REP', 6),
('d51', '201506', 'ETP', 2),
('d51', '201506', 'KM', 480),
('d51', '201506', 'NUI', 9),
('d51', '201506', 'REP', 11),
('d51', '201507', 'ETP', 3),
('d51', '201507', 'KM', 840),
('d51', '201507', 'NUI', 19),
('d51', '201507', 'REP', 13),
('d51', '201508', 'ETP', 4),
('d51', '201508', 'KM', 322),
('d51', '201508', 'NUI', 2),
('d51', '201508', 'REP', 7),
('d51', '201509', 'ETP', 13),
('d51', '201509', 'KM', 657),
('d51', '201509', 'NUI', 15),
('d51', '201509', 'REP', 15),
('d51', '201510', 'ETP', 8),
('d51', '201510', 'KM', 422),
('d51', '201510', 'NUI', 14),
('d51', '201510', 'REP', 13),
('d51', '201511', 'ETP', 13),
('d51', '201511', 'KM', 645),
('d51', '201511', 'NUI', 18),
('d51', '201511', 'REP', 5),
('d51', '201512', 'ETP', 8),
('d51', '201512', 'KM', 604),
('d51', '201512', 'NUI', 3),
('d51', '201512', 'REP', 6),
('d51', '201601', 'ETP', 18),
('d51', '201601', 'KM', 627),
('d51', '201601', 'NUI', 6),
('d51', '201601', 'REP', 18),
('d51', '201602', 'ETP', 20),
('d51', '201602', 'KM', 693),
('d51', '201602', 'NUI', 20),
('d51', '201602', 'REP', 18),
('d51', '201603', 'ETP', 2),
('d51', '201603', 'KM', 428),
('d51', '201603', 'NUI', 10),
('d51', '201603', 'REP', 11),
('d51', '201604', 'ETP', 19),
('d51', '201604', 'KM', 513),
('d51', '201604', 'NUI', 5),
('d51', '201604', 'REP', 9),
('d51', '201605', 'ETP', 19),
('d51', '201605', 'KM', 575),
('d51', '201605', 'NUI', 8),
('d51', '201605', 'REP', 16),
('d51', '201606', 'ETP', 19),
('d51', '201606', 'KM', 591),
('d51', '201606', 'NUI', 10),
('d51', '201606', 'REP', 9),
('d51', '201607', 'ETP', 7),
('d51', '201607', 'KM', 891),
('d51', '201607', 'NUI', 13),
('d51', '201607', 'REP', 11),
('e22', '201401', 'ETP', 17),
('e22', '201401', 'KM', 751),
('e22', '201401', 'NUI', 10),
('e22', '201401', 'REP', 16),
('e22', '201402', 'ETP', 18),
('e22', '201402', 'KM', 500),
('e22', '201402', 'NUI', 2),
('e22', '201402', 'REP', 9),
('e22', '201403', 'ETP', 7),
('e22', '201403', 'KM', 818),
('e22', '201403', 'NUI', 20),
('e22', '201403', 'REP', 4),
('e22', '201404', 'ETP', 9),
('e22', '201404', 'KM', 630),
('e22', '201404', 'NUI', 8),
('e22', '201404', 'REP', 6),
('e22', '201405', 'ETP', 3),
('e22', '201405', 'KM', 616),
('e22', '201405', 'NUI', 16),
('e22', '201405', 'REP', 8),
('e22', '201406', 'ETP', 13),
('e22', '201406', 'KM', 404),
('e22', '201406', 'NUI', 8),
('e22', '201406', 'REP', 16),
('e22', '201407', 'ETP', 19),
('e22', '201407', 'KM', 672),
('e22', '201407', 'NUI', 13),
('e22', '201407', 'REP', 4),
('e22', '201408', 'ETP', 8),
('e22', '201408', 'KM', 348),
('e22', '201408', 'NUI', 15),
('e22', '201408', 'REP', 15),
('e22', '201409', 'ETP', 14),
('e22', '201409', 'KM', 811),
('e22', '201409', 'NUI', 5),
('e22', '201409', 'REP', 5),
('e22', '201410', 'ETP', 6),
('e22', '201410', 'KM', 987),
('e22', '201410', 'NUI', 6),
('e22', '201410', 'REP', 17),
('e22', '201411', 'ETP', 19),
('e22', '201411', 'KM', 856),
('e22', '201411', 'NUI', 8),
('e22', '201411', 'REP', 7),
('e22', '201412', 'ETP', 4),
('e22', '201412', 'KM', 745),
('e22', '201412', 'NUI', 13),
('e22', '201412', 'REP', 18),
('e22', '201501', 'ETP', 12),
('e22', '201501', 'KM', 632),
('e22', '201501', 'NUI', 15),
('e22', '201501', 'REP', 6),
('e22', '201502', 'ETP', 15),
('e22', '201502', 'KM', 847),
('e22', '201502', 'NUI', 15),
('e22', '201502', 'REP', 13),
('e22', '201503', 'ETP', 7),
('e22', '201503', 'KM', 666),
('e22', '201503', 'NUI', 4),
('e22', '201503', 'REP', 15),
('e22', '201504', 'ETP', 15),
('e22', '201504', 'KM', 418),
('e22', '201504', 'NUI', 5),
('e22', '201504', 'REP', 16),
('e22', '201505', 'ETP', 18),
('e22', '201505', 'KM', 782),
('e22', '201505', 'NUI', 8),
('e22', '201505', 'REP', 10),
('e22', '201506', 'ETP', 20),
('e22', '201506', 'KM', 685),
('e22', '201506', 'NUI', 16),
('e22', '201506', 'REP', 3),
('e22', '201507', 'ETP', 20),
('e22', '201507', 'KM', 806),
('e22', '201507', 'NUI', 3),
('e22', '201507', 'REP', 7),
('e22', '201508', 'ETP', 5),
('e22', '201508', 'KM', 771),
('e22', '201508', 'NUI', 7),
('e22', '201508', 'REP', 8),
('e22', '201509', 'ETP', 10),
('e22', '201509', 'KM', 560),
('e22', '201509', 'NUI', 2),
('e22', '201509', 'REP', 20),
('e22', '201510', 'ETP', 4),
('e22', '201510', 'KM', 501),
('e22', '201510', 'NUI', 10),
('e22', '201510', 'REP', 7),
('e22', '201511', 'ETP', 2),
('e22', '201511', 'KM', 572),
('e22', '201511', 'NUI', 3),
('e22', '201511', 'REP', 4),
('e22', '201512', 'ETP', 11),
('e22', '201512', 'KM', 401),
('e22', '201512', 'NUI', 20),
('e22', '201512', 'REP', 15),
('e22', '201601', 'ETP', 10),
('e22', '201601', 'KM', 667),
('e22', '201601', 'NUI', 18),
('e22', '201601', 'REP', 14),
('e22', '201602', 'ETP', 4),
('e22', '201602', 'KM', 997),
('e22', '201602', 'NUI', 15),
('e22', '201602', 'REP', 6),
('e22', '201603', 'ETP', 9),
('e22', '201603', 'KM', 668),
('e22', '201603', 'NUI', 5),
('e22', '201603', 'REP', 5),
('e22', '201604', 'ETP', 14),
('e22', '201604', 'KM', 710),
('e22', '201604', 'NUI', 7),
('e22', '201604', 'REP', 15),
('e22', '201605', 'ETP', 16),
('e22', '201605', 'KM', 401),
('e22', '201605', 'NUI', 16),
('e22', '201605', 'REP', 12),
('e22', '201606', 'ETP', 19),
('e22', '201606', 'KM', 769),
('e22', '201606', 'NUI', 12),
('e22', '201606', 'REP', 19),
('e22', '201607', 'ETP', 4),
('e22', '201607', 'KM', 391),
('e22', '201607', 'NUI', 8),
('e22', '201607', 'REP', 10),
('e24', '201401', 'ETP', 14),
('e24', '201401', 'KM', 998),
('e24', '201401', 'NUI', 6),
('e24', '201401', 'REP', 11),
('e24', '201402', 'ETP', 9),
('e24', '201402', 'KM', 463),
('e24', '201402', 'NUI', 15),
('e24', '201402', 'REP', 15),
('e24', '201403', 'ETP', 13),
('e24', '201403', 'KM', 520),
('e24', '201403', 'NUI', 2),
('e24', '201403', 'REP', 7),
('e24', '201404', 'ETP', 6),
('e24', '201404', 'KM', 443),
('e24', '201404', 'NUI', 14),
('e24', '201404', 'REP', 20),
('e24', '201405', 'ETP', 11),
('e24', '201405', 'KM', 562),
('e24', '201405', 'NUI', 15),
('e24', '201405', 'REP', 20),
('e24', '201406', 'ETP', 9),
('e24', '201406', 'KM', 855),
('e24', '201406', 'NUI', 17),
('e24', '201406', 'REP', 2),
('e24', '201407', 'ETP', 4),
('e24', '201407', 'KM', 949),
('e24', '201407', 'NUI', 3),
('e24', '201407', 'REP', 8),
('e24', '201408', 'ETP', 14),
('e24', '201408', 'KM', 823),
('e24', '201408', 'NUI', 2),
('e24', '201408', 'REP', 14),
('e24', '201409', 'ETP', 6),
('e24', '201409', 'KM', 805),
('e24', '201409', 'NUI', 17),
('e24', '201409', 'REP', 5),
('e24', '201410', 'ETP', 15),
('e24', '201410', 'KM', 874),
('e24', '201410', 'NUI', 20),
('e24', '201410', 'REP', 13),
('e24', '201411', 'ETP', 11),
('e24', '201411', 'KM', 656),
('e24', '201411', 'NUI', 15),
('e24', '201411', 'REP', 5),
('e24', '201412', 'ETP', 9),
('e24', '201412', 'KM', 831),
('e24', '201412', 'NUI', 11),
('e24', '201412', 'REP', 13),
('e24', '201501', 'ETP', 16),
('e24', '201501', 'KM', 326),
('e24', '201501', 'NUI', 11),
('e24', '201501', 'REP', 3),
('e24', '201502', 'ETP', 9),
('e24', '201502', 'KM', 520),
('e24', '201502', 'NUI', 7),
('e24', '201502', 'REP', 9),
('e24', '201503', 'ETP', 15),
('e24', '201503', 'KM', 341),
('e24', '201503', 'NUI', 19),
('e24', '201503', 'REP', 15),
('e24', '201504', 'ETP', 11),
('e24', '201504', 'KM', 466),
('e24', '201504', 'NUI', 3),
('e24', '201504', 'REP', 16),
('e24', '201505', 'ETP', 4),
('e24', '201505', 'KM', 525),
('e24', '201505', 'NUI', 16),
('e24', '201505', 'REP', 16),
('e24', '201506', 'ETP', 10),
('e24', '201506', 'KM', 495),
('e24', '201506', 'NUI', 13),
('e24', '201506', 'REP', 9),
('e24', '201507', 'ETP', 16),
('e24', '201507', 'KM', 704),
('e24', '201507', 'NUI', 16),
('e24', '201507', 'REP', 20),
('e24', '201508', 'ETP', 19),
('e24', '201508', 'KM', 430),
('e24', '201508', 'NUI', 15),
('e24', '201508', 'REP', 4),
('e24', '201509', 'ETP', 8),
('e24', '201509', 'KM', 703),
('e24', '201509', 'NUI', 14),
('e24', '201509', 'REP', 3),
('e24', '201510', 'ETP', 17),
('e24', '201510', 'KM', 799),
('e24', '201510', 'NUI', 3),
('e24', '201510', 'REP', 14),
('e24', '201511', 'ETP', 14),
('e24', '201511', 'KM', 345),
('e24', '201511', 'NUI', 5),
('e24', '201511', 'REP', 19),
('e24', '201512', 'ETP', 15),
('e24', '201512', 'KM', 723),
('e24', '201512', 'NUI', 11),
('e24', '201512', 'REP', 15),
('e24', '201601', 'ETP', 9),
('e24', '201601', 'KM', 859),
('e24', '201601', 'NUI', 3),
('e24', '201601', 'REP', 5),
('e24', '201602', 'ETP', 11),
('e24', '201602', 'KM', 730),
('e24', '201602', 'NUI', 14),
('e24', '201602', 'REP', 3),
('e24', '201603', 'ETP', 9),
('e24', '201603', 'KM', 665),
('e24', '201603', 'NUI', 5),
('e24', '201603', 'REP', 13),
('e24', '201604', 'ETP', 18),
('e24', '201604', 'KM', 643),
('e24', '201604', 'NUI', 8),
('e24', '201604', 'REP', 11),
('e24', '201605', 'ETP', 7),
('e24', '201605', 'KM', 992),
('e24', '201605', 'NUI', 5),
('e24', '201605', 'REP', 20),
('e24', '201606', 'ETP', 12),
('e24', '201606', 'KM', 990),
('e24', '201606', 'NUI', 7),
('e24', '201606', 'REP', 16),
('e24', '201607', 'ETP', 20),
('e24', '201607', 'KM', 963),
('e24', '201607', 'NUI', 17),
('e24', '201607', 'REP', 2),
('e39', '201401', 'ETP', 8),
('e39', '201401', 'KM', 892),
('e39', '201401', 'NUI', 7),
('e39', '201401', 'REP', 12),
('e39', '201402', 'ETP', 3),
('e39', '201402', 'KM', 403),
('e39', '201402', 'NUI', 17),
('e39', '201402', 'REP', 11),
('e39', '201403', 'ETP', 20),
('e39', '201403', 'KM', 877),
('e39', '201403', 'NUI', 2),
('e39', '201403', 'REP', 13),
('e39', '201404', 'ETP', 9),
('e39', '201404', 'KM', 539),
('e39', '201404', 'NUI', 20),
('e39', '201404', 'REP', 4),
('e39', '201405', 'ETP', 5),
('e39', '201405', 'KM', 769),
('e39', '201405', 'NUI', 7),
('e39', '201405', 'REP', 16),
('e39', '201406', 'ETP', 14),
('e39', '201406', 'KM', 493),
('e39', '201406', 'NUI', 3),
('e39', '201406', 'REP', 15),
('e39', '201407', 'ETP', 15),
('e39', '201407', 'KM', 392),
('e39', '201407', 'NUI', 18),
('e39', '201407', 'REP', 15),
('e39', '201408', 'ETP', 14),
('e39', '201408', 'KM', 793),
('e39', '201408', 'NUI', 16),
('e39', '201408', 'REP', 20),
('e39', '201409', 'ETP', 8),
('e39', '201409', 'KM', 974),
('e39', '201409', 'NUI', 10),
('e39', '201409', 'REP', 6),
('e39', '201410', 'ETP', 3),
('e39', '201410', 'KM', 561),
('e39', '201410', 'NUI', 19),
('e39', '201410', 'REP', 14),
('e39', '201411', 'ETP', 17),
('e39', '201411', 'KM', 937),
('e39', '201411', 'NUI', 16),
('e39', '201411', 'REP', 2),
('e39', '201412', 'ETP', 16),
('e39', '201412', 'KM', 324),
('e39', '201412', 'NUI', 5),
('e39', '201412', 'REP', 12),
('e39', '201501', 'ETP', 17),
('e39', '201501', 'KM', 806),
('e39', '201501', 'NUI', 14),
('e39', '201501', 'REP', 19),
('e39', '201502', 'ETP', 9),
('e39', '201502', 'KM', 608),
('e39', '201502', 'NUI', 8),
('e39', '201502', 'REP', 8),
('e39', '201503', 'ETP', 6),
('e39', '201503', 'KM', 408),
('e39', '201503', 'NUI', 17),
('e39', '201503', 'REP', 13),
('e39', '201504', 'ETP', 15),
('e39', '201504', 'KM', 535),
('e39', '201504', 'NUI', 4),
('e39', '201504', 'REP', 17),
('e39', '201505', 'ETP', 15),
('e39', '201505', 'KM', 967),
('e39', '201505', 'NUI', 20),
('e39', '201505', 'REP', 17),
('e39', '201506', 'ETP', 11),
('e39', '201506', 'KM', 632),
('e39', '201506', 'NUI', 9),
('e39', '201506', 'REP', 16),
('e39', '201507', 'ETP', 20),
('e39', '201507', 'KM', 908),
('e39', '201507', 'NUI', 19),
('e39', '201507', 'REP', 8),
('e39', '201508', 'ETP', 11),
('e39', '201508', 'KM', 724),
('e39', '201508', 'NUI', 15),
('e39', '201508', 'REP', 17),
('e39', '201509', 'ETP', 18),
('e39', '201509', 'KM', 756),
('e39', '201509', 'NUI', 9),
('e39', '201509', 'REP', 19),
('e39', '201510', 'ETP', 11),
('e39', '201510', 'KM', 634),
('e39', '201510', 'NUI', 20),
('e39', '201510', 'REP', 18),
('e39', '201511', 'ETP', 4),
('e39', '201511', 'KM', 336),
('e39', '201511', 'NUI', 4),
('e39', '201511', 'REP', 8),
('e39', '201512', 'ETP', 4),
('e39', '201512', 'KM', 890),
('e39', '201512', 'NUI', 19),
('e39', '201512', 'REP', 12),
('e39', '201601', 'ETP', 10),
('e39', '201601', 'KM', 874),
('e39', '201601', 'NUI', 19),
('e39', '201601', 'REP', 6),
('e39', '201602', 'ETP', 7),
('e39', '201602', 'KM', 615),
('e39', '201602', 'NUI', 5),
('e39', '201602', 'REP', 14),
('e39', '201603', 'ETP', 13),
('e39', '201603', 'KM', 793),
('e39', '201603', 'NUI', 10),
('e39', '201603', 'REP', 11),
('e39', '201604', 'ETP', 14),
('e39', '201604', 'KM', 334),
('e39', '201604', 'NUI', 14),
('e39', '201604', 'REP', 20),
('e39', '201605', 'ETP', 7),
('e39', '201605', 'KM', 619),
('e39', '201605', 'NUI', 11),
('e39', '201605', 'REP', 17),
('e39', '201606', 'ETP', 20),
('e39', '201606', 'KM', 573),
('e39', '201606', 'NUI', 2),
('e39', '201606', 'REP', 6),
('e39', '201607', 'ETP', 9),
('e39', '201607', 'KM', 877),
('e39', '201607', 'NUI', 17),
('e39', '201607', 'REP', 19),
('e49', '201401', 'ETP', 20),
('e49', '201401', 'KM', 457),
('e49', '201401', 'NUI', 2),
('e49', '201401', 'REP', 4),
('e49', '201402', 'ETP', 12),
('e49', '201402', 'KM', 692),
('e49', '201402', 'NUI', 5),
('e49', '201402', 'REP', 13),
('e49', '201403', 'ETP', 10),
('e49', '201403', 'KM', 510),
('e49', '201403', 'NUI', 10),
('e49', '201403', 'REP', 11),
('e49', '201404', 'ETP', 12),
('e49', '201404', 'KM', 589),
('e49', '201404', 'NUI', 8),
('e49', '201404', 'REP', 12),
('e49', '201405', 'ETP', 4),
('e49', '201405', 'KM', 558),
('e49', '201405', 'NUI', 20),
('e49', '201405', 'REP', 2),
('e49', '201406', 'ETP', 4),
('e49', '201406', 'KM', 393),
('e49', '201406', 'NUI', 20),
('e49', '201406', 'REP', 13),
('e49', '201407', 'ETP', 17),
('e49', '201407', 'KM', 425),
('e49', '201407', 'NUI', 9),
('e49', '201407', 'REP', 10),
('e49', '201408', 'ETP', 2),
('e49', '201408', 'KM', 630),
('e49', '201408', 'NUI', 19),
('e49', '201408', 'REP', 9),
('e49', '201409', 'ETP', 5),
('e49', '201409', 'KM', 637),
('e49', '201409', 'NUI', 11),
('e49', '201409', 'REP', 13),
('e49', '201410', 'ETP', 2),
('e49', '201410', 'KM', 423),
('e49', '201410', 'NUI', 18),
('e49', '201410', 'REP', 17),
('e49', '201411', 'ETP', 20),
('e49', '201411', 'KM', 318),
('e49', '201411', 'NUI', 2),
('e49', '201411', 'REP', 5),
('e49', '201412', 'ETP', 18),
('e49', '201412', 'KM', 999),
('e49', '201412', 'NUI', 13),
('e49', '201412', 'REP', 11),
('e49', '201501', 'ETP', 2),
('e49', '201501', 'KM', 694),
('e49', '201501', 'NUI', 14),
('e49', '201501', 'REP', 19),
('e49', '201502', 'ETP', 7),
('e49', '201502', 'KM', 782),
('e49', '201502', 'NUI', 17),
('e49', '201502', 'REP', 6),
('e49', '201503', 'ETP', 2),
('e49', '201503', 'KM', 890),
('e49', '201503', 'NUI', 5),
('e49', '201503', 'REP', 13),
('e49', '201504', 'ETP', 2),
('e49', '201504', 'KM', 996),
('e49', '201504', 'NUI', 8),
('e49', '201504', 'REP', 16),
('e49', '201505', 'ETP', 15),
('e49', '201505', 'KM', 729),
('e49', '201505', 'NUI', 9),
('e49', '201505', 'REP', 20),
('e49', '201506', 'ETP', 18),
('e49', '201506', 'KM', 768),
('e49', '201506', 'NUI', 19),
('e49', '201506', 'REP', 18),
('e49', '201507', 'ETP', 18),
('e49', '201507', 'KM', 739),
('e49', '201507', 'NUI', 20),
('e49', '201507', 'REP', 15),
('e49', '201508', 'ETP', 12),
('e49', '201508', 'KM', 621),
('e49', '201508', 'NUI', 6),
('e49', '201508', 'REP', 7),
('e49', '201509', 'ETP', 7),
('e49', '201509', 'KM', 743),
('e49', '201509', 'NUI', 15),
('e49', '201509', 'REP', 15),
('e49', '201510', 'ETP', 17),
('e49', '201510', 'KM', 381),
('e49', '201510', 'NUI', 3),
('e49', '201510', 'REP', 15),
('e49', '201511', 'ETP', 13),
('e49', '201511', 'KM', 566),
('e49', '201511', 'NUI', 8),
('e49', '201511', 'REP', 13),
('e49', '201512', 'ETP', 10),
('e49', '201512', 'KM', 574),
('e49', '201512', 'NUI', 5),
('e49', '201512', 'REP', 2),
('e49', '201601', 'ETP', 14),
('e49', '201601', 'KM', 734),
('e49', '201601', 'NUI', 13),
('e49', '201601', 'REP', 5),
('e49', '201602', 'ETP', 4),
('e49', '201602', 'KM', 323),
('e49', '201602', 'NUI', 7),
('e49', '201602', 'REP', 17),
('e49', '201603', 'ETP', 5),
('e49', '201603', 'KM', 371),
('e49', '201603', 'NUI', 7),
('e49', '201603', 'REP', 5),
('e49', '201604', 'ETP', 14),
('e49', '201604', 'KM', 856),
('e49', '201604', 'NUI', 6),
('e49', '201604', 'REP', 19),
('e49', '201605', 'ETP', 19),
('e49', '201605', 'KM', 704),
('e49', '201605', 'NUI', 4),
('e49', '201605', 'REP', 8),
('e49', '201606', 'ETP', 16),
('e49', '201606', 'KM', 594),
('e49', '201606', 'NUI', 14),
('e49', '201606', 'REP', 4),
('e49', '201607', 'ETP', 13),
('e49', '201607', 'KM', 855),
('e49', '201607', 'NUI', 18),
('e49', '201607', 'REP', 10),
('e5', '201401', 'ETP', 5),
('e5', '201401', 'KM', 765),
('e5', '201401', 'NUI', 9),
('e5', '201401', 'REP', 4),
('e5', '201402', 'ETP', 20),
('e5', '201402', 'KM', 651),
('e5', '201402', 'NUI', 6),
('e5', '201402', 'REP', 6),
('e5', '201403', 'ETP', 16),
('e5', '201403', 'KM', 492),
('e5', '201403', 'NUI', 4),
('e5', '201403', 'REP', 14),
('e5', '201404', 'ETP', 17),
('e5', '201404', 'KM', 617),
('e5', '201404', 'NUI', 2),
('e5', '201404', 'REP', 11),
('e5', '201405', 'ETP', 4),
('e5', '201405', 'KM', 302),
('e5', '201405', 'NUI', 13),
('e5', '201405', 'REP', 11),
('e5', '201406', 'ETP', 19),
('e5', '201406', 'KM', 577),
('e5', '201406', 'NUI', 20),
('e5', '201406', 'REP', 18),
('e5', '201407', 'ETP', 3),
('e5', '201407', 'KM', 719),
('e5', '201407', 'NUI', 14),
('e5', '201407', 'REP', 9),
('e5', '201408', 'ETP', 19),
('e5', '201408', 'KM', 356),
('e5', '201408', 'NUI', 16),
('e5', '201408', 'REP', 6),
('e5', '201409', 'ETP', 8),
('e5', '201409', 'KM', 868),
('e5', '201409', 'NUI', 19),
('e5', '201409', 'REP', 3),
('e5', '201410', 'ETP', 14),
('e5', '201410', 'KM', 481),
('e5', '201410', 'NUI', 6),
('e5', '201410', 'REP', 6),
('e5', '201411', 'ETP', 15),
('e5', '201411', 'KM', 574),
('e5', '201411', 'NUI', 7),
('e5', '201411', 'REP', 8),
('e5', '201412', 'ETP', 18),
('e5', '201412', 'KM', 775),
('e5', '201412', 'NUI', 4),
('e5', '201412', 'REP', 14),
('e5', '201501', 'ETP', 19),
('e5', '201501', 'KM', 361),
('e5', '201501', 'NUI', 9),
('e5', '201501', 'REP', 19),
('e5', '201502', 'ETP', 7),
('e5', '201502', 'KM', 363),
('e5', '201502', 'NUI', 4),
('e5', '201502', 'REP', 7),
('e5', '201503', 'ETP', 16),
('e5', '201503', 'KM', 757),
('e5', '201503', 'NUI', 20),
('e5', '201503', 'REP', 12),
('e5', '201504', 'ETP', 14),
('e5', '201504', 'KM', 471),
('e5', '201504', 'NUI', 2),
('e5', '201504', 'REP', 18),
('e5', '201505', 'ETP', 18),
('e5', '201505', 'KM', 884),
('e5', '201505', 'NUI', 18),
('e5', '201505', 'REP', 20),
('e5', '201506', 'ETP', 16),
('e5', '201506', 'KM', 924),
('e5', '201506', 'NUI', 13),
('e5', '201506', 'REP', 3),
('e5', '201507', 'ETP', 3),
('e5', '201507', 'KM', 568),
('e5', '201507', 'NUI', 17),
('e5', '201507', 'REP', 19),
('e5', '201508', 'ETP', 7),
('e5', '201508', 'KM', 846),
('e5', '201508', 'NUI', 13),
('e5', '201508', 'REP', 15),
('e5', '201509', 'ETP', 4),
('e5', '201509', 'KM', 333),
('e5', '201509', 'NUI', 11),
('e5', '201509', 'REP', 5),
('e5', '201510', 'ETP', 2),
('e5', '201510', 'KM', 762),
('e5', '201510', 'NUI', 15),
('e5', '201510', 'REP', 12),
('e5', '201511', 'ETP', 16),
('e5', '201511', 'KM', 707),
('e5', '201511', 'NUI', 15),
('e5', '201511', 'REP', 12),
('e5', '201512', 'ETP', 16),
('e5', '201512', 'KM', 497),
('e5', '201512', 'NUI', 15),
('e5', '201512', 'REP', 8),
('e5', '201601', 'ETP', 16),
('e5', '201601', 'KM', 812),
('e5', '201601', 'NUI', 6),
('e5', '201601', 'REP', 14),
('e5', '201602', 'ETP', 5),
('e5', '201602', 'KM', 578),
('e5', '201602', 'NUI', 8),
('e5', '201602', 'REP', 17),
('e5', '201603', 'ETP', 17),
('e5', '201603', 'KM', 474),
('e5', '201603', 'NUI', 15),
('e5', '201603', 'REP', 9),
('e5', '201604', 'ETP', 3),
('e5', '201604', 'KM', 828),
('e5', '201604', 'NUI', 9),
('e5', '201604', 'REP', 14),
('e5', '201605', 'ETP', 15),
('e5', '201605', 'KM', 919),
('e5', '201605', 'NUI', 2),
('e5', '201605', 'REP', 9),
('e5', '201606', 'ETP', 5),
('e5', '201606', 'KM', 372),
('e5', '201606', 'NUI', 13),
('e5', '201606', 'REP', 15),
('e5', '201607', 'ETP', 6),
('e5', '201607', 'KM', 569),
('e5', '201607', 'NUI', 17),
('e5', '201607', 'REP', 10),
('e52', '201401', 'ETP', 6),
('e52', '201401', 'KM', 437),
('e52', '201401', 'NUI', 15),
('e52', '201401', 'REP', 15),
('e52', '201402', 'ETP', 2),
('e52', '201402', 'KM', 653),
('e52', '201402', 'NUI', 19),
('e52', '201402', 'REP', 7),
('e52', '201403', 'ETP', 20),
('e52', '201403', 'KM', 846),
('e52', '201403', 'NUI', 11),
('e52', '201403', 'REP', 9),
('e52', '201404', 'ETP', 19),
('e52', '201404', 'KM', 994),
('e52', '201404', 'NUI', 2),
('e52', '201404', 'REP', 15),
('e52', '201405', 'ETP', 6),
('e52', '201405', 'KM', 724),
('e52', '201405', 'NUI', 14),
('e52', '201405', 'REP', 11),
('e52', '201406', 'ETP', 15),
('e52', '201406', 'KM', 715),
('e52', '201406', 'NUI', 19),
('e52', '201406', 'REP', 10),
('e52', '201407', 'ETP', 14),
('e52', '201407', 'KM', 596),
('e52', '201407', 'NUI', 19),
('e52', '201407', 'REP', 16),
('e52', '201408', 'ETP', 2),
('e52', '201408', 'KM', 344),
('e52', '201408', 'NUI', 7),
('e52', '201408', 'REP', 5),
('e52', '201409', 'ETP', 3),
('e52', '201409', 'KM', 989),
('e52', '201409', 'NUI', 4),
('e52', '201409', 'REP', 20),
('e52', '201410', 'ETP', 14),
('e52', '201410', 'KM', 406),
('e52', '201410', 'NUI', 20),
('e52', '201410', 'REP', 16),
('e52', '201411', 'ETP', 5),
('e52', '201411', 'KM', 325),
('e52', '201411', 'NUI', 20),
('e52', '201411', 'REP', 18),
('e52', '201412', 'ETP', 10),
('e52', '201412', 'KM', 724),
('e52', '201412', 'NUI', 15),
('e52', '201412', 'REP', 19),
('e52', '201501', 'ETP', 16),
('e52', '201501', 'KM', 531),
('e52', '201501', 'NUI', 6),
('e52', '201501', 'REP', 5),
('e52', '201502', 'ETP', 2),
('e52', '201502', 'KM', 424),
('e52', '201502', 'NUI', 5),
('e52', '201502', 'REP', 8),
('e52', '201503', 'ETP', 12),
('e52', '201503', 'KM', 732),
('e52', '201503', 'NUI', 13),
('e52', '201503', 'REP', 14),
('e52', '201504', 'ETP', 5),
('e52', '201504', 'KM', 732),
('e52', '201504', 'NUI', 5),
('e52', '201504', 'REP', 17),
('e52', '201505', 'ETP', 7),
('e52', '201505', 'KM', 753),
('e52', '201505', 'NUI', 19),
('e52', '201505', 'REP', 3),
('e52', '201506', 'ETP', 15),
('e52', '201506', 'KM', 772),
('e52', '201506', 'NUI', 10),
('e52', '201506', 'REP', 4),
('e52', '201507', 'ETP', 16),
('e52', '201507', 'KM', 417),
('e52', '201507', 'NUI', 18),
('e52', '201507', 'REP', 5),
('e52', '201508', 'ETP', 7),
('e52', '201508', 'KM', 368),
('e52', '201508', 'NUI', 15),
('e52', '201508', 'REP', 20),
('e52', '201509', 'ETP', 14),
('e52', '201509', 'KM', 952),
('e52', '201509', 'NUI', 5),
('e52', '201509', 'REP', 15),
('e52', '201510', 'ETP', 15),
('e52', '201510', 'KM', 747),
('e52', '201510', 'NUI', 17),
('e52', '201510', 'REP', 4),
('e52', '201511', 'ETP', 17),
('e52', '201511', 'KM', 781),
('e52', '201511', 'NUI', 14),
('e52', '201511', 'REP', 10),
('e52', '201512', 'ETP', 16),
('e52', '201512', 'KM', 332),
('e52', '201512', 'NUI', 9),
('e52', '201512', 'REP', 8),
('e52', '201601', 'ETP', 18),
('e52', '201601', 'KM', 429),
('e52', '201601', 'NUI', 3),
('e52', '201601', 'REP', 3),
('e52', '201602', 'ETP', 3),
('e52', '201602', 'KM', 349),
('e52', '201602', 'NUI', 6),
('e52', '201602', 'REP', 8),
('e52', '201603', 'ETP', 15),
('e52', '201603', 'KM', 422),
('e52', '201603', 'NUI', 3),
('e52', '201603', 'REP', 9),
('e52', '201604', 'ETP', 12),
('e52', '201604', 'KM', 625),
('e52', '201604', 'NUI', 4),
('e52', '201604', 'REP', 19),
('e52', '201605', 'ETP', 20),
('e52', '201605', 'KM', 585),
('e52', '201605', 'NUI', 11),
('e52', '201605', 'REP', 5),
('e52', '201606', 'ETP', 17),
('e52', '201606', 'KM', 982),
('e52', '201606', 'NUI', 17),
('e52', '201606', 'REP', 17),
('e52', '201607', 'ETP', 10),
('e52', '201607', 'KM', 742),
('e52', '201607', 'NUI', 4),
('e52', '201607', 'REP', 3),
('f21', '201401', 'ETP', 14),
('f21', '201401', 'KM', 545),
('f21', '201401', 'NUI', 20),
('f21', '201401', 'REP', 16),
('f21', '201402', 'ETP', 18),
('f21', '201402', 'KM', 719),
('f21', '201402', 'NUI', 13),
('f21', '201402', 'REP', 20),
('f21', '201403', 'ETP', 18),
('f21', '201403', 'KM', 540),
('f21', '201403', 'NUI', 10),
('f21', '201403', 'REP', 11),
('f21', '201404', 'ETP', 2),
('f21', '201404', 'KM', 339),
('f21', '201404', 'NUI', 15),
('f21', '201404', 'REP', 11),
('f21', '201405', 'ETP', 4),
('f21', '201405', 'KM', 794),
('f21', '201405', 'NUI', 19),
('f21', '201405', 'REP', 16),
('f21', '201406', 'ETP', 13),
('f21', '201406', 'KM', 830),
('f21', '201406', 'NUI', 6),
('f21', '201406', 'REP', 11),
('f21', '201407', 'ETP', 6),
('f21', '201407', 'KM', 428),
('f21', '201407', 'NUI', 5),
('f21', '201407', 'REP', 8),
('f21', '201408', 'ETP', 10),
('f21', '201408', 'KM', 615),
('f21', '201408', 'NUI', 19),
('f21', '201408', 'REP', 13),
('f21', '201409', 'ETP', 20),
('f21', '201409', 'KM', 670),
('f21', '201409', 'NUI', 20),
('f21', '201409', 'REP', 2),
('f21', '201410', 'ETP', 5),
('f21', '201410', 'KM', 921),
('f21', '201410', 'NUI', 11),
('f21', '201410', 'REP', 15),
('f21', '201411', 'ETP', 2),
('f21', '201411', 'KM', 644),
('f21', '201411', 'NUI', 2),
('f21', '201411', 'REP', 10),
('f21', '201412', 'ETP', 15),
('f21', '201412', 'KM', 870),
('f21', '201412', 'NUI', 15),
('f21', '201412', 'REP', 10),
('f21', '201501', 'ETP', 4),
('f21', '201501', 'KM', 875),
('f21', '201501', 'NUI', 4),
('f21', '201501', 'REP', 10),
('f21', '201502', 'ETP', 14),
('f21', '201502', 'KM', 989),
('f21', '201502', 'NUI', 8),
('f21', '201502', 'REP', 14),
('f21', '201503', 'ETP', 3),
('f21', '201503', 'KM', 487),
('f21', '201503', 'NUI', 20),
('f21', '201503', 'REP', 16),
('f21', '201504', 'ETP', 17),
('f21', '201504', 'KM', 401),
('f21', '201504', 'NUI', 3),
('f21', '201504', 'REP', 2),
('f21', '201505', 'ETP', 14),
('f21', '201505', 'KM', 708),
('f21', '201505', 'NUI', 8),
('f21', '201505', 'REP', 4),
('f21', '201506', 'ETP', 19),
('f21', '201506', 'KM', 334),
('f21', '201506', 'NUI', 16),
('f21', '201506', 'REP', 8),
('f21', '201507', 'ETP', 11),
('f21', '201507', 'KM', 660),
('f21', '201507', 'NUI', 20),
('f21', '201507', 'REP', 8),
('f21', '201508', 'ETP', 16),
('f21', '201508', 'KM', 612),
('f21', '201508', 'NUI', 3),
('f21', '201508', 'REP', 7),
('f21', '201509', 'ETP', 11),
('f21', '201509', 'KM', 869),
('f21', '201509', 'NUI', 14),
('f21', '201509', 'REP', 2),
('f21', '201510', 'ETP', 3),
('f21', '201510', 'KM', 358),
('f21', '201510', 'NUI', 17),
('f21', '201510', 'REP', 15),
('f21', '201511', 'ETP', 7),
('f21', '201511', 'KM', 459),
('f21', '201511', 'NUI', 3),
('f21', '201511', 'REP', 3),
('f21', '201512', 'ETP', 12),
('f21', '201512', 'KM', 800),
('f21', '201512', 'NUI', 14),
('f21', '201512', 'REP', 7),
('f21', '201601', 'ETP', 15),
('f21', '201601', 'KM', 658),
('f21', '201601', 'NUI', 3),
('f21', '201601', 'REP', 5),
('f21', '201602', 'ETP', 2),
('f21', '201602', 'KM', 361),
('f21', '201602', 'NUI', 9),
('f21', '201602', 'REP', 17),
('f21', '201603', 'ETP', 9),
('f21', '201603', 'KM', 588),
('f21', '201603', 'NUI', 7),
('f21', '201603', 'REP', 2),
('f21', '201604', 'ETP', 5),
('f21', '201604', 'KM', 967),
('f21', '201604', 'NUI', 17),
('f21', '201604', 'REP', 2),
('f21', '201605', 'ETP', 6),
('f21', '201605', 'KM', 775),
('f21', '201605', 'NUI', 12),
('f21', '201605', 'REP', 11),
('f21', '201606', 'ETP', 17),
('f21', '201606', 'KM', 341),
('f21', '201606', 'NUI', 13),
('f21', '201606', 'REP', 14),
('f21', '201607', 'ETP', 18),
('f21', '201607', 'KM', 344),
('f21', '201607', 'NUI', 13),
('f21', '201607', 'REP', 6),
('f39', '201401', 'ETP', 15),
('f39', '201401', 'KM', 411),
('f39', '201401', 'NUI', 13),
('f39', '201401', 'REP', 10),
('f39', '201402', 'ETP', 4),
('f39', '201402', 'KM', 520),
('f39', '201402', 'NUI', 5),
('f39', '201402', 'REP', 2),
('f39', '201403', 'ETP', 11),
('f39', '201403', 'KM', 300),
('f39', '201403', 'NUI', 10),
('f39', '201403', 'REP', 5),
('f39', '201404', 'ETP', 14),
('f39', '201404', 'KM', 428),
('f39', '201404', 'NUI', 2),
('f39', '201404', 'REP', 14),
('f39', '201405', 'ETP', 2),
('f39', '201405', 'KM', 534),
('f39', '201405', 'NUI', 19),
('f39', '201405', 'REP', 13),
('f39', '201406', 'ETP', 8),
('f39', '201406', 'KM', 594),
('f39', '201406', 'NUI', 18),
('f39', '201406', 'REP', 17),
('f39', '201407', 'ETP', 20),
('f39', '201407', 'KM', 937),
('f39', '201407', 'NUI', 18),
('f39', '201407', 'REP', 10),
('f39', '201408', 'ETP', 17),
('f39', '201408', 'KM', 841),
('f39', '201408', 'NUI', 11),
('f39', '201408', 'REP', 7),
('f39', '201409', 'ETP', 5),
('f39', '201409', 'KM', 635),
('f39', '201409', 'NUI', 18),
('f39', '201409', 'REP', 11),
('f39', '201410', 'ETP', 19),
('f39', '201410', 'KM', 996),
('f39', '201410', 'NUI', 14),
('f39', '201410', 'REP', 17),
('f39', '201411', 'ETP', 8),
('f39', '201411', 'KM', 852),
('f39', '201411', 'NUI', 17),
('f39', '201411', 'REP', 10),
('f39', '201412', 'ETP', 8),
('f39', '201412', 'KM', 882),
('f39', '201412', 'NUI', 3),
('f39', '201412', 'REP', 4),
('f39', '201501', 'ETP', 5),
('f39', '201501', 'KM', 714),
('f39', '201501', 'NUI', 10),
('f39', '201501', 'REP', 3),
('f39', '201502', 'ETP', 17),
('f39', '201502', 'KM', 325),
('f39', '201502', 'NUI', 11),
('f39', '201502', 'REP', 2),
('f39', '201503', 'ETP', 12),
('f39', '201503', 'KM', 745),
('f39', '201503', 'NUI', 10),
('f39', '201503', 'REP', 5),
('f39', '201504', 'ETP', 5),
('f39', '201504', 'KM', 550),
('f39', '201504', 'NUI', 16),
('f39', '201504', 'REP', 6),
('f39', '201505', 'ETP', 3),
('f39', '201505', 'KM', 771),
('f39', '201505', 'NUI', 12),
('f39', '201505', 'REP', 9),
('f39', '201506', 'ETP', 3),
('f39', '201506', 'KM', 683),
('f39', '201506', 'NUI', 11),
('f39', '201506', 'REP', 10),
('f39', '201507', 'ETP', 12),
('f39', '201507', 'KM', 616),
('f39', '201507', 'NUI', 13),
('f39', '201507', 'REP', 13),
('f39', '201508', 'ETP', 8),
('f39', '201508', 'KM', 547),
('f39', '201508', 'NUI', 11),
('f39', '201508', 'REP', 11),
('f39', '201509', 'ETP', 16),
('f39', '201509', 'KM', 806),
('f39', '201509', 'NUI', 7),
('f39', '201509', 'REP', 10),
('f39', '201510', 'ETP', 15),
('f39', '201510', 'KM', 669),
('f39', '201510', 'NUI', 12),
('f39', '201510', 'REP', 3),
('f39', '201511', 'ETP', 10),
('f39', '201511', 'KM', 465),
('f39', '201511', 'NUI', 9),
('f39', '201511', 'REP', 15),
('f39', '201512', 'ETP', 18),
('f39', '201512', 'KM', 873),
('f39', '201512', 'NUI', 9),
('f39', '201512', 'REP', 2),
('f39', '201601', 'ETP', 8),
('f39', '201601', 'KM', 819),
('f39', '201601', 'NUI', 14),
('f39', '201601', 'REP', 5),
('f39', '201602', 'ETP', 14),
('f39', '201602', 'KM', 984),
('f39', '201602', 'NUI', 15),
('f39', '201602', 'REP', 20),
('f39', '201603', 'ETP', 5),
('f39', '201603', 'KM', 993),
('f39', '201603', 'NUI', 16),
('f39', '201603', 'REP', 13),
('f39', '201604', 'ETP', 16),
('f39', '201604', 'KM', 826),
('f39', '201604', 'NUI', 8),
('f39', '201604', 'REP', 15),
('f39', '201605', 'ETP', 15),
('f39', '201605', 'KM', 811),
('f39', '201605', 'NUI', 12),
('f39', '201605', 'REP', 14),
('f39', '201606', 'ETP', 19),
('f39', '201606', 'KM', 926),
('f39', '201606', 'NUI', 20),
('f39', '201606', 'REP', 3),
('f39', '201607', 'ETP', 15),
('f39', '201607', 'KM', 798),
('f39', '201607', 'NUI', 15),
('f39', '201607', 'REP', 4),
('f4', '201401', 'ETP', 20),
('f4', '201401', 'KM', 407),
('f4', '201401', 'NUI', 9),
('f4', '201401', 'REP', 14),
('f4', '201402', 'ETP', 20),
('f4', '201402', 'KM', 780),
('f4', '201402', 'NUI', 3),
('f4', '201402', 'REP', 17),
('f4', '201403', 'ETP', 12),
('f4', '201403', 'KM', 495),
('f4', '201403', 'NUI', 8),
('f4', '201403', 'REP', 8),
('f4', '201404', 'ETP', 4),
('f4', '201404', 'KM', 582),
('f4', '201404', 'NUI', 7),
('f4', '201404', 'REP', 10),
('f4', '201405', 'ETP', 11),
('f4', '201405', 'KM', 316),
('f4', '201405', 'NUI', 12),
('f4', '201405', 'REP', 18),
('f4', '201406', 'ETP', 2),
('f4', '201406', 'KM', 728),
('f4', '201406', 'NUI', 5),
('f4', '201406', 'REP', 16),
('f4', '201407', 'ETP', 12),
('f4', '201407', 'KM', 394),
('f4', '201407', 'NUI', 16),
('f4', '201407', 'REP', 18),
('f4', '201408', 'ETP', 9),
('f4', '201408', 'KM', 343),
('f4', '201408', 'NUI', 10),
('f4', '201408', 'REP', 10),
('f4', '201409', 'ETP', 9),
('f4', '201409', 'KM', 554),
('f4', '201409', 'NUI', 16),
('f4', '201409', 'REP', 6),
('f4', '201410', 'ETP', 20),
('f4', '201410', 'KM', 654),
('f4', '201410', 'NUI', 18),
('f4', '201410', 'REP', 9),
('f4', '201411', 'ETP', 18),
('f4', '201411', 'KM', 621),
('f4', '201411', 'NUI', 7),
('f4', '201411', 'REP', 13),
('f4', '201412', 'ETP', 11),
('f4', '201412', 'KM', 784),
('f4', '201412', 'NUI', 5),
('f4', '201412', 'REP', 5),
('f4', '201501', 'ETP', 14),
('f4', '201501', 'KM', 419),
('f4', '201501', 'NUI', 4),
('f4', '201501', 'REP', 17),
('f4', '201502', 'ETP', 15),
('f4', '201502', 'KM', 558),
('f4', '201502', 'NUI', 5),
('f4', '201502', 'REP', 15),
('f4', '201503', 'ETP', 12),
('f4', '201503', 'KM', 475),
('f4', '201503', 'NUI', 19),
('f4', '201503', 'REP', 13),
('f4', '201504', 'ETP', 9),
('f4', '201504', 'KM', 501),
('f4', '201504', 'NUI', 12),
('f4', '201504', 'REP', 14),
('f4', '201505', 'ETP', 6),
('f4', '201505', 'KM', 613),
('f4', '201505', 'NUI', 12),
('f4', '201505', 'REP', 14),
('f4', '201506', 'ETP', 8),
('f4', '201506', 'KM', 439),
('f4', '201506', 'NUI', 3),
('f4', '201506', 'REP', 16),
('f4', '201507', 'ETP', 12),
('f4', '201507', 'KM', 658),
('f4', '201507', 'NUI', 14),
('f4', '201507', 'REP', 16),
('f4', '201508', 'ETP', 5),
('f4', '201508', 'KM', 898),
('f4', '201508', 'NUI', 10),
('f4', '201508', 'REP', 17),
('f4', '201509', 'ETP', 5),
('f4', '201509', 'KM', 435),
('f4', '201509', 'NUI', 3),
('f4', '201509', 'REP', 15),
('f4', '201510', 'ETP', 16),
('f4', '201510', 'KM', 1000),
('f4', '201510', 'NUI', 12),
('f4', '201510', 'REP', 12),
('f4', '201511', 'ETP', 18),
('f4', '201511', 'KM', 469),
('f4', '201511', 'NUI', 11),
('f4', '201511', 'REP', 5),
('f4', '201512', 'ETP', 17),
('f4', '201512', 'KM', 572),
('f4', '201512', 'NUI', 2),
('f4', '201512', 'REP', 15),
('f4', '201601', 'ETP', 10),
('f4', '201601', 'KM', 585),
('f4', '201601', 'NUI', 14),
('f4', '201601', 'REP', 19),
('f4', '201602', 'ETP', 3),
('f4', '201602', 'KM', 839),
('f4', '201602', 'NUI', 13),
('f4', '201602', 'REP', 3),
('f4', '201603', 'ETP', 13),
('f4', '201603', 'KM', 608),
('f4', '201603', 'NUI', 9),
('f4', '201603', 'REP', 16),
('f4', '201604', 'ETP', 7),
('f4', '201604', 'KM', 925),
('f4', '201604', 'NUI', 4),
('f4', '201604', 'REP', 8),
('f4', '201605', 'ETP', 3),
('f4', '201605', 'KM', 363),
('f4', '201605', 'NUI', 9),
('f4', '201605', 'REP', 9),
('f4', '201606', 'ETP', 6),
('f4', '201606', 'KM', 655),
('f4', '201606', 'NUI', 7),
('f4', '201606', 'REP', 7),
('f4', '201607', 'ETP', 13),
('f4', '201607', 'KM', 375),
('f4', '201607', 'NUI', 9),
('f4', '201607', 'REP', 13);

-- --------------------------------------------------------

--
-- Structure de la table `visiteur`
--

CREATE TABLE `visiteur` (
  `id` char(4) NOT NULL,
  `nom` char(30) DEFAULT NULL,
  `prenom` char(30) DEFAULT NULL,
  `login` char(20) DEFAULT NULL,
  `mdp` char(20) DEFAULT NULL,
  `adresse` char(30) DEFAULT NULL,
  `cp` char(5) DEFAULT NULL,
  `ville` char(30) DEFAULT NULL,
  `dateEmbauche` date DEFAULT NULL,
  `admin` tinyint(1) NOT NULL DEFAULT '0'
) ENGINE=InnoDB DEFAULT CHARSET=latin1;

--
-- Contenu de la table `visiteur`
--

INSERT INTO `visiteur` (`id`, `nom`, `prenom`, `login`, `mdp`, `adresse`, `cp`, `ville`, `dateEmbauche`, `admin`) VALUES
('a1', 'Bernard', 'Jean', 'admin', 'admin', '5 allee de jean', '75000', 'Paris', '2016-06-07', 1),
('a131', 'Villechalane', 'Louis', 'aribiA', 'aaaa', '8 rue des Charmes', '46000', 'Cahors', '2005-12-21', 0),
('a17', 'Andre', 'David', 'dandre', 'oppg5', '1 rue Petit', '46200', 'Lalbenque', '1998-11-23', 0),
('a55', 'Bedos', 'Christian', 'cbedos', 'gmhxd', '1 rue Peranud', '46250', 'Montcuq', '1995-01-12', 0),
('a93', 'Tusseau', 'Louis', 'ltusseau', 'ktp3s', '22 rue des Ternes', '46123', 'Gramat', '2000-05-01', 0),
('b13', 'Bentot', 'Pascal', 'pbentot', 'doyw1', '11 allée des Cerises', '46512', 'Bessines', '1992-07-09', 0),
('b16', 'Bioret', 'Luc', 'lbioret', 'hrjfs', '1 Avenue gambetta', '46000', 'Cahors', '1998-05-11', 0),
('b19', 'Bunisset', 'Francis', 'fbunisset', '4vbnd', '10 rue des Perles', '93100', 'Montreuil', '1987-10-21', 0),
('b25', 'Bunisset', 'Denise', 'dbunisset', 's1y1r', '23 rue Manin', '75019', 'paris', '2010-12-05', 0),
('b28', 'Cacheux', 'Bernard', 'bcacheux', 'uf7r3', '114 rue Blanche', '75017', 'Paris', '2009-11-12', 0),
('b34', 'Cadic', 'Eric', 'ecadic', '6u8dc', '123 avenue de la République', '75011', 'Paris', '2008-09-23', 0),
('b4', 'Charoze', 'Catherine', 'ccharoze', 'u817o', '100 rue Petit', '75019', 'Paris', '2005-11-12', 0),
('b50', 'Clepkens', 'Christophe', 'cclepkens', 'bw1us', '12 allée des Anges', '93230', 'Romainville', '2003-08-11', 0),
('b59', 'Cottin', 'Vincenne', 'vcottin', '2hoh9', '36 rue Des Roches', '93100', 'Monteuil', '2001-11-18', 0),
('c14', 'Daburon', 'François', 'fdaburon', '7oqpv', '13 rue de Chanzy', '94000', 'Créteil', '2002-02-11', 0),
('c3', 'De', 'Philippe', 'pde', 'gk9kx', '13 rue Barthes', '94000', 'Créteil', '2010-12-14', 0),
('c54', 'Debelle', 'Michel', 'mdebelle', 'od5rt', '181 avenue Barbusse', '93210', 'Rosny', '2006-11-23', 0),
('d13', 'Debelle', 'Jeanne', 'jdebelle', 'nvwqq', '134 allée des Joncs', '44000', 'Nantes', '2000-05-11', 0),
('d51', 'Debroise', 'Michel', 'mdebroise', 'sghkb', '2 Bld Jourdain', '44000', 'Nantes', '2001-04-17', 0),
('e22', 'Desmarquest', 'Nathalie', 'ndesmarquest', 'f1fob', '14 Place d Arc', '45000', 'Orléans', '2005-11-12', 0),
('e24', 'Desnost', 'Pierre', 'pdesnost', '4k2o5', '16 avenue des Cèdres', '23200', 'Guéret', '2001-02-05', 0),
('e39', 'Dudouit', 'Frédéric', 'fdudouit', '44im8', '18 rue de l église', '23120', 'GrandBourg', '2000-08-01', 0),
('e49', 'Duncombe', 'Claude', 'cduncombe', 'qf77j', '19 rue de la tour', '23100', 'La souteraine', '1987-10-10', 0),
('e5', 'Enault-Pascreau', 'Céline', 'cenault', 'y2qdu', '25 place de la gare', '23200', 'Gueret', '1995-09-01', 0),
('e52', 'Eynde', 'Valérie', 'veynde', 'i7sn3', '3 Grand Place', '13015', 'Marseille', '1999-11-01', 0),
('f21', 'Finck', 'Jacques', 'jfinck', 'mpb3t', '10 avenue du Prado', '13002', 'Marseille', '2001-11-10', 0),
('f39', 'Frémont', 'Fernande', 'ffremont', 'xs5tq', '4 route de la mer', '13012', 'Allauh', '1998-10-01', 0),
('f4', 'Gest', 'Alain', 'agest', 'dywvt', '30 avenue de la mer', '13025', 'Berre', '1985-11-01', 0);

--
-- Index pour les tables exportées
--

--
-- Index pour la table `etat`
--
ALTER TABLE `etat`
  ADD PRIMARY KEY (`id`);

--
-- Index pour la table `fichefrais`
--
ALTER TABLE `fichefrais`
  ADD PRIMARY KEY (`idVisiteur`,`mois`),
  ADD KEY `idEtat` (`idEtat`);

--
-- Index pour la table `fraisforfait`
--
ALTER TABLE `fraisforfait`
  ADD PRIMARY KEY (`id`);

--
-- Index pour la table `lignefraisforfait`
--
ALTER TABLE `lignefraisforfait`
  ADD PRIMARY KEY (`idVisiteur`,`mois`,`idFraisForfait`),
  ADD KEY `idFraisForfait` (`idFraisForfait`);

--
-- Index pour la table `visiteur`
--
ALTER TABLE `visiteur`
  ADD PRIMARY KEY (`id`);

--
-- Contraintes pour les tables exportées
--

--
-- Contraintes pour la table `fichefrais`
--
ALTER TABLE `fichefrais`
  ADD CONSTRAINT `fichefrais_ibfk_1` FOREIGN KEY (`idEtat`) REFERENCES `etat` (`id`),
  ADD CONSTRAINT `fichefrais_ibfk_2` FOREIGN KEY (`idVisiteur`) REFERENCES `visiteur` (`id`);

--
-- Contraintes pour la table `lignefraisforfait`
--
ALTER TABLE `lignefraisforfait`
  ADD CONSTRAINT `lignefraisforfait_ibfk_1` FOREIGN KEY (`idVisiteur`,`mois`) REFERENCES `fichefrais` (`idVisiteur`, `mois`),
  ADD CONSTRAINT `lignefraisforfait_ibfk_2` FOREIGN KEY (`idFraisForfait`) REFERENCES `fraisforfait` (`id`);

/*!40101 SET CHARACTER_SET_CLIENT=@OLD_CHARACTER_SET_CLIENT */;
/*!40101 SET CHARACTER_SET_RESULTS=@OLD_CHARACTER_SET_RESULTS */;
/*!40101 SET COLLATION_CONNECTION=@OLD_COLLATION_CONNECTION */;
